filepath,category,native_defect_label,coarse_label,split
data/defect_images/raw/screw/train/good/129-12.png,screw,good,good,train
data/defect_images/raw/screw/train/good/090-12.png,screw,good,good,train
data/defect_images/raw/cable/test/good/044-12.png,cable,good,good,train
data/defect_images/raw/cable/train/good/062-10.png,cable,good,good,train
data/defect_images/raw/screw/train/good/176-12.png,screw,good,good,train
data/defect_images/raw/metal_nut/test/color/005-22.png,metal_nut,color,contamination,train
data/defect_images/raw/screw/test/scratch_head/023-28.png,screw,scratch_head,scratch,train
data/defect_images/raw/cable/train/good/112-10.png,cable,good,good,train
data/defect_images/raw/screw/test/thread_side/002-88.png,screw,thread_side,structural_damage,train
data/defect_images/raw/transistor/train/good/000.png,transistor,good,good,train
data/defect_images/raw/cable/test/cut_inner_insulation/008-73.png,cable,cut_inner_insulation,structural_damage,train
data/defect_images/raw/transistor/train/good/192.png,transistor,good,good,train
data/defect_images/raw/screw/train/good/290-2.png,screw,good,good,train
data/defect_images/raw/cable/train/good/209-10.png,cable,good,good,train
data/defect_images/raw/metal_nut/train/good/113-4.png,metal_nut,good,good,train
data/defect_images/raw/screw/train/good/131-12.png,screw,good,good,train
data/defect_images/raw/transistor/train/good/052.png,transistor,good,good,train
data/defect_images/raw/cable/test/poke_insulation/008-70.png,cable,poke_insulation,structural_damage,train
data/defect_images/raw/metal_nut/train/good/036-5.png,metal_nut,good,good,train
data/defect_images/raw/transistor/test/good/040-2.png,transistor,good,good,train
data/defect_images/raw/screw/train/good/086-12.png,screw,good,good,train
data/defect_images/raw/screw/train/good/020-35.png,screw,good,good,train
data/defect_images/raw/screw/test/scratch_head/018-49.png,screw,scratch_head,scratch,train
data/defect_images/raw/screw/test/manipulated_front/002-85.png,screw,manipulated_front,other_defect,train
data/defect_images/raw/screw/test/manipulated_front/005-85.png,screw,manipulated_front,other_defect,train
data/defect_images/raw/transistor/test/good/025-2.png,transistor,good,good,train
data/defect_images/raw/transistor/train/good/099.png,transistor,good,good,train
data/defect_images/raw/screw/test/scratch_neck/001-84.png,screw,scratch_neck,scratch,train
data/defect_images/raw/metal_nut/train/good/204-4.png,metal_nut,good,good,train
data/defect_images/raw/screw/train/good/236-7.png,screw,good,good,train
data/defect_images/raw/cable/train/good/074-10.png,cable,good,good,train
data/defect_images/raw/screw/test/good/015-68.png,screw,good,good,train
data/defect_images/raw/metal_nut/test/flip/007-23.png,metal_nut,flip,deformation,train
data/defect_images/raw/transistor/test/good/000-6.png,transistor,good,good,train
data/defect_images/raw/metal_nut/test/color/001-22.png,metal_nut,color,contamination,train
data/defect_images/raw/cable/train/good/055-11.png,cable,good,good,train
data/defect_images/raw/cable/test/good/056-12.png,cable,good,good,train
data/defect_images/raw/screw/train/good/089-12.png,screw,good,good,train
data/defect_images/raw/transistor/test/good/020-2.png,transistor,good,good,train
data/defect_images/raw/cable/test/good/006-69.png,cable,good,good,train
data/defect_images/raw/metal_nut/test/good/009-24.png,metal_nut,good,good,train
data/defect_images/raw/cable/test/poke_insulation/002-71.png,cable,poke_insulation,structural_damage,train
data/defect_images/raw/screw/train/good/040-14.png,screw,good,good,train
data/defect_images/raw/cable/train/good/065-10.png,cable,good,good,train
data/defect_images/raw/metal_nut/test/bent/012-18.png,metal_nut,bent,deformation,train
data/defect_images/raw/cable/test/good/055-12.png,cable,good,good,train
data/defect_images/raw/screw/train/good/145-12.png,screw,good,good,train
data/defect_images/raw/cable/train/good/121-10.png,cable,good,good,train
data/defect_images/raw/cable/test/good/004-69.png,cable,good,good,train
data/defect_images/raw/cable/train/good/143-10.png,cable,good,good,train
data/defect_images/raw/metal_nut/train/good/118-4.png,metal_nut,good,good,train
data/defect_images/raw/screw/test/manipulated_front/020-38.png,screw,manipulated_front,other_defect,train
data/defect_images/raw/screw/test/scratch_head/017-55.png,screw,scratch_head,scratch,train
data/defect_images/raw/transistor/train/good/022.png,transistor,good,good,train
data/defect_images/raw/cable/train/good/169-10.png,cable,good,good,train
data/defect_images/raw/screw/test/thread_top/007-83.png,screw,thread_top,structural_damage,train
data/defect_images/raw/screw/train/good/141-12.png,screw,good,good,train
data/defect_images/raw/transistor/train/good/026.png,transistor,good,good,train
data/defect_images/raw/metal_nut/train/good/173-4.png,metal_nut,good,good,train
data/defect_images/raw/screw/test/scratch_neck/011-71.png,screw,scratch_neck,scratch,train
data/defect_images/raw/screw/test/manipulated_front/019-39.png,screw,manipulated_front,other_defect,train
data/defect_images/raw/cable/train/good/098-10.png,cable,good,good,train
data/defect_images/raw/transistor/train/good/135.png,transistor,good,good,train
data/defect_images/raw/screw/train/good/108-12.png,screw,good,good,train
data/defect_images/raw/cable/train/good/047-11.png,cable,good,good,train
data/defect_images/raw/metal_nut/train/good/136-4.png,metal_nut,good,good,train
data/defect_images/raw/cable/train/good/222-7.png,cable,good,good,train
data/defect_images/raw/metal_nut/train/good/214-3.png,metal_nut,good,good,train
data/defect_images/raw/metal_nut/test/good/013-17.png,metal_nut,good,good,train
data/defect_images/raw/screw/train/good/188-12.png,screw,good,good,train
data/defect_images/raw/screw/test/good/036-16.png,screw,good,good,train
data/defect_images/raw/metal_nut/test/bent/024-6.png,metal_nut,bent,deformation,train
data/defect_images/raw/screw/train/good/151-12.png,screw,good,good,train
data/defect_images/raw/metal_nut/train/good/150-4.png,metal_nut,good,good,train
data/defect_images/raw/screw/train/good/114-12.png,screw,good,good,train
data/defect_images/raw/transistor/train/good/198.png,transistor,good,good,train
data/defect_images/raw/screw/train/good/081-12.png,screw,good,good,train
data/defect_images/raw/screw/train/good/307-2.png,screw,good,good,train
data/defect_images/raw/cable/train/good/205-10.png,cable,good,good,train
data/defect_images/raw/transistor/test/good/004-6.png,transistor,good,good,train
data/defect_images/raw/screw/train/good/190-12.png,screw,good,good,train
data/defect_images/raw/screw/train/good/113-12.png,screw,good,good,train
data/defect_images/raw/screw/test/scratch_neck/015-66.png,screw,scratch_neck,scratch,train
data/defect_images/raw/metal_nut/test/scratch/018-16.png,metal_nut,scratch,scratch,train
data/defect_images/raw/screw/train/good/196-12.png,screw,good,good,train
data/defect_images/raw/screw/test/good/007-86.png,screw,good,good,train
data/defect_images/raw/cable/train/good/034-12.png,cable,good,good,train
data/defect_images/raw/cable/test/bent_wire/005-72.png,cable,bent_wire,deformation,train
data/defect_images/raw/cable/train/good/059-11.png,cable,good,good,train
data/defect_images/raw/metal_nut/train/good/141-4.png,metal_nut,good,good,train
data/defect_images/raw/metal_nut/test/good/002-25.png,metal_nut,good,good,train
data/defect_images/raw/cable/train/good/016-51.png,cable,good,good,train
data/defect_images/raw/cable/train/good/127-10.png,cable,good,good,train
data/defect_images/raw/metal_nut/train/good/115-4.png,metal_nut,good,good,train
data/defect_images/raw/transistor/train/good/001.png,transistor,good,good,train
data/defect_images/raw/screw/train/good/302-2.png,screw,good,good,train
data/defect_images/raw/transistor/test/good/058-2.png,transistor,good,good,train
data/defect_images/raw/screw/train/good/085-12.png,screw,good,good,train
data/defect_images/raw/metal_nut/test/flip/014-15.png,metal_nut,flip,deformation,train
data/defect_images/raw/metal_nut/test/good/021-13.png,metal_nut,good,good,train
data/defect_images/raw/transistor/train/good/154.png,transistor,good,good,train
data/defect_images/raw/metal_nut/test/color/002-22.png,metal_nut,color,contamination,train
data/defect_images/raw/cable/train/good/185-10.png,cable,good,good,train
data/defect_images/raw/cable/test/good/013-57.png,cable,good,good,train
data/defect_images/raw/cable/train/good/211-10.png,cable,good,good,train
data/defect_images/raw/screw/train/good/182-12.png,screw,good,good,train
data/defect_images/raw/screw/train/good/007-82.png,screw,good,good,train
data/defect_images/raw/metal_nut/test/color/009-21.png,metal_nut,color,contamination,train
data/defect_images/raw/metal_nut/train/good/161-4.png,metal_nut,good,good,train
data/defect_images/raw/metal_nut/test/flip/017-15.png,metal_nut,flip,deformation,train
data/defect_images/raw/screw/test/manipulated_front/012-70.png,screw,manipulated_front,other_defect,train
data/defect_images/raw/cable/train/good/119-10.png,cable,good,good,train
data/defect_images/raw/screw/train/good/061-12.png,screw,good,good,train
data/defect_images/raw/transistor/train/good/102.png,transistor,good,good,train
data/defect_images/raw/metal_nut/train/good/186-4.png,metal_nut,good,good,train
data/defect_images/raw/transistor/test/good/024-2.png,transistor,good,good,train
data/defect_images/raw/transistor/train/good/120.png,transistor,good,good,train
data/defect_images/raw/cable/train/good/152-10.png,cable,good,good,train
data/defect_images/raw/cable/train/good/138-10.png,cable,good,good,train
data/defect_images/raw/cable/train/good/170-10.png,cable,good,good,train
data/defect_images/raw/metal_nut/train/good/063-4.png,metal_nut,good,good,train
data/defect_images/raw/transistor/train/good/137.png,transistor,good,good,train
data/defect_images/raw/cable/test/poke_insulation/005-71.png,cable,poke_insulation,structural_damage,train
data/defect_images/raw/cable/test/good/033-13.png,cable,good,good,train
data/defect_images/raw/metal_nut/test/bent/015-18.png,metal_nut,bent,deformation,train
data/defect_images/raw/screw/test/thread_top/015-65.png,screw,thread_top,structural_damage,train
data/defect_images/raw/metal_nut/test/good/003-25.png,metal_nut,good,good,train
data/defect_images/raw/transistor/train/good/061.png,transistor,good,good,train
data/defect_images/raw/cable/test/missing_cable/001-70.png,cable,missing_cable,other_defect,train
data/defect_images/raw/metal_nut/train/good/083-4.png,metal_nut,good,good,train
data/defect_images/raw/screw/test/scratch_neck/021-34.png,screw,scratch_neck,scratch,train
data/defect_images/raw/transistor/train/good/124.png,transistor,good,good,train
data/defect_images/raw/screw/train/good/053-14.png,screw,good,good,train
data/defect_images/raw/cable/train/good/103-10.png,cable,good,good,train
data/defect_images/raw/screw/train/good/084-12.png,screw,good,good,train
data/defect_images/raw/screw/test/thread_side/004-88.png,screw,thread_side,structural_damage,train
data/defect_images/raw/screw/test/scratch_head/000-87.png,screw,scratch_head,scratch,train
data/defect_images/raw/screw/train/good/224-8.png,screw,good,good,train
data/defect_images/raw/screw/train/good/006-82.png,screw,good,good,train
data/defect_images/raw/cable/train/good/080-10.png,cable,good,good,train
data/defect_images/raw/cable/train/good/070-10.png,cable,good,good,train
data/defect_images/raw/cable/train/good/010-57.png,cable,good,good,train
data/defect_images/raw/metal_nut/train/good/130-4.png,metal_nut,good,good,train
data/defect_images/raw/cable/train/good/079-10.png,cable,good,good,train
data/defect_images/raw/metal_nut/train/good/125-4.png,metal_nut,good,good,train
data/defect_images/raw/screw/train/good/010-71.png,screw,good,good,train
data/defect_images/raw/screw/train/good/037-15.png,screw,good,good,train
data/defect_images/raw/screw/test/thread_top/017-51.png,screw,thread_top,structural_damage,train
data/defect_images/raw/metal_nut/train/good/040-5.png,metal_nut,good,good,train
data/defect_images/raw/screw/train/good/018-44.png,screw,good,good,train
data/defect_images/raw/screw/test/good/027-20.png,screw,good,good,train
data/defect_images/raw/screw/train/good/279-3.png,screw,good,good,train
data/defect_images/raw/transistor/train/good/200.png,transistor,good,good,train
data/defect_images/raw/screw/train/good/269-3.png,screw,good,good,train
data/defect_images/raw/metal_nut/train/good/145-4.png,metal_nut,good,good,train
data/defect_images/raw/screw/test/scratch_neck/004-84.png,screw,scratch_neck,scratch,train
data/defect_images/raw/screw/test/scratch_head/011-74.png,screw,scratch_head,scratch,train
data/defect_images/raw/transistor/train/good/024.png,transistor,good,good,train
data/defect_images/raw/metal_nut/train/good/191-4.png,metal_nut,good,good,train
data/defect_images/raw/cable/test/missing_cable/011-59.png,cable,missing_cable,other_defect,train
data/defect_images/raw/screw/train/good/272-3.png,screw,good,good,train
data/defect_images/raw/transistor/train/good/170.png,transistor,good,good,train
data/defect_images/raw/screw/test/thread_top/002-83.png,screw,thread_top,structural_damage,train
data/defect_images/raw/screw/train/good/064-12.png,screw,good,good,train
data/defect_images/raw/metal_nut/train/good/026-5.png,metal_nut,good,good,train
data/defect_images/raw/metal_nut/train/good/131-4.png,metal_nut,good,good,train
data/defect_images/raw/transistor/train/good/079.png,transistor,good,good,train
data/defect_images/raw/metal_nut/train/good/152-4.png,metal_nut,good,good,train
data/defect_images/raw/transistor/test/good/054-2.png,transistor,good,good,train
data/defect_images/raw/metal_nut/train/good/163-4.png,metal_nut,good,good,train
data/defect_images/raw/transistor/train/good/133.png,transistor,good,good,train
data/defect_images/raw/metal_nut/train/good/067-4.png,metal_nut,good,good,train
data/defect_images/raw/screw/test/manipulated_front/010-74.png,screw,manipulated_front,other_defect,train
data/defect_images/raw/transistor/test/cut_lead/004-5.png,transistor,cut_lead,structural_damage,train
data/defect_images/raw/metal_nut/test/scratch/017-16.png,metal_nut,scratch,scratch,train
data/defect_images/raw/transistor/test/good/001-6.png,transistor,good,good,train
data/defect_images/raw/metal_nut/test/good/007-25.png,metal_nut,good,good,train
data/defect_images/raw/screw/test/manipulated_front/013-69.png,screw,manipulated_front,other_defect,train
data/defect_images/raw/metal_nut/test/flip/006-23.png,metal_nut,flip,deformation,train
data/defect_images/raw/cable/train/good/003-65.png,cable,good,good,train
data/defect_images/raw/cable/train/good/174-10.png,cable,good,good,train
data/defect_images/raw/metal_nut/train/good/069-4.png,metal_nut,good,good,train
data/defect_images/raw/cable/train/good/023-20.png,cable,good,good,train
data/defect_images/raw/screw/test/good/005-86.png,screw,good,good,train
data/defect_images/raw/transistor/test/good/041-2.png,transistor,good,good,train
data/defect_images/raw/metal_nut/test/scratch/014-16.png,metal_nut,scratch,scratch,train
data/defect_images/raw/screw/train/good/032-16.png,screw,good,good,train
data/defect_images/raw/transistor/train/good/143.png,transistor,good,good,train
data/defect_images/raw/cable/train/good/075-10.png,cable,good,good,train
data/defect_images/raw/screw/test/scratch_head/004-87.png,screw,scratch_head,scratch,train
data/defect_images/raw/screw/train/good/277-3.png,screw,good,good,train
data/defect_images/raw/transistor/train/good/041.png,transistor,good,good,train
data/defect_images/raw/transistor/test/good/005-6.png,transistor,good,good,train
data/defect_images/raw/transistor/test/misplaced/009-3.png,transistor,misplaced,other_defect,train
data/defect_images/raw/transistor/train/good/138.png,transistor,good,good,train
data/defect_images/raw/cable/train/good/086-10.png,cable,good,good,train
data/defect_images/raw/screw/train/good/300-2.png,screw,good,good,train
data/defect_images/raw/metal_nut/train/good/146-4.png,metal_nut,good,good,train
data/defect_images/raw/metal_nut/test/bent/020-16.png,metal_nut,bent,deformation,train
data/defect_images/raw/screw/train/good/228-8.png,screw,good,good,train
data/defect_images/raw/screw/train/good/137-12.png,screw,good,good,train
data/defect_images/raw/screw/train/good/191-12.png,screw,good,good,train
data/defect_images/raw/cable/train/good/087-10.png,cable,good,good,train
data/defect_images/raw/transistor/train/good/147.png,transistor,good,good,train
data/defect_images/raw/transistor/train/good/016.png,transistor,good,good,train
data/defect_images/raw/screw/test/good/023-27.png,screw,good,good,train
data/defect_images/raw/transistor/train/good/047.png,transistor,good,good,train
data/defect_images/raw/screw/train/good/002-82.png,screw,good,good,train
data/defect_images/raw/metal_nut/train/good/006-21.png,metal_nut,good,good,train
data/defect_images/raw/screw/train/good/172-12.png,screw,good,good,train
data/defect_images/raw/screw/train/good/291-2.png,screw,good,good,train
data/defect_images/raw/cable/train/good/158-10.png,cable,good,good,train
data/defect_images/raw/cable/train/good/083-10.png,cable,good,good,train
data/defect_images/raw/cable/test/good/051-12.png,cable,good,good,train
data/defect_images/raw/metal_nut/train/good/140-4.png,metal_nut,good,good,train
data/defect_images/raw/metal_nut/train/good/181-4.png,metal_nut,good,good,train
data/defect_images/raw/metal_nut/test/color/018-14.png,metal_nut,color,contamination,train
data/defect_images/raw/screw/train/good/223-9.png,screw,good,good,train
data/defect_images/raw/transistor/test/damaged_case/004-2.png,transistor,damaged_case,structural_damage,train
data/defect_images/raw/screw/test/thread_side/005-88.png,screw,thread_side,structural_damage,train
data/defect_images/raw/screw/test/scratch_head/003-87.png,screw,scratch_head,scratch,train
data/defect_images/raw/transistor/train/good/174.png,transistor,good,good,train
data/defect_images/raw/transistor/train/good/110.png,transistor,good,good,train
data/defect_images/raw/screw/test/manipulated_front/007-85.png,screw,manipulated_front,other_defect,train
data/defect_images/raw/transistor/train/good/207.png,transistor,good,good,train
data/defect_images/raw/screw/test/scratch_head/020-40.png,screw,scratch_head,scratch,train
data/defect_images/raw/screw/train/good/286-2.png,screw,good,good,train
data/defect_images/raw/transistor/train/good/211.png,transistor,good,good,train
data/defect_images/raw/metal_nut/train/good/189-4.png,metal_nut,good,good,train
data/defect_images/raw/screw/train/good/175-12.png,screw,good,good,train
data/defect_images/raw/screw/train/good/148-12.png,screw,good,good,train
data/defect_images/raw/screw/train/good/244-6.png,screw,good,good,train
data/defect_images/raw/screw/train/good/135-12.png,screw,good,good,train
data/defect_images/raw/screw/train/good/280-2.png,screw,good,good,train
data/defect_images/raw/cable/test/good/057-12.png,cable,good,good,train
data/defect_images/raw/metal_nut/train/good/104-4.png,metal_nut,good,good,train
data/defect_images/raw/screw/train/good/013-66.png,screw,good,good,train
data/defect_images/raw/cable/test/cable_swap/005-68.png,cable,cable_swap,other_defect,train
data/defect_images/raw/screw/train/good/025-21.png,screw,good,good,train
data/defect_images/raw/transistor/train/good/209.png,transistor,good,good,train
data/defect_images/raw/screw/test/thread_top/019-37.png,screw,thread_top,structural_damage,train
data/defect_images/raw/cable/test/cut_inner_insulation/003-74.png,cable,cut_inner_insulation,structural_damage,train
data/defect_images/raw/screw/test/scratch_neck/019-38.png,screw,scratch_neck,scratch,train
data/defect_images/raw/transistor/train/good/058.png,transistor,good,good,train
data/defect_images/raw/cable/train/good/153-10.png,cable,good,good,train
data/defect_images/raw/metal_nut/test/flip/000-23.png,metal_nut,flip,deformation,train
data/defect_images/raw/metal_nut/train/good/062-4.png,metal_nut,good,good,train
data/defect_images/raw/transistor/train/good/206.png,transistor,good,good,train
data/defect_images/raw/screw/train/good/248-4.png,screw,good,good,train
data/defect_images/raw/cable/train/good/150-10.png,cable,good,good,train
data/defect_images/raw/metal_nut/train/good/179-4.png,metal_nut,good,good,train
data/defect_images/raw/metal_nut/test/scratch/015-16.png,metal_nut,scratch,scratch,train
data/defect_images/raw/screw/test/thread_top/009-81.png,screw,thread_top,structural_damage,train
data/defect_images/raw/cable/test/bent_wire/007-72.png,cable,bent_wire,deformation,train
data/defect_images/raw/screw/train/good/181-12.png,screw,good,good,train
data/defect_images/raw/transistor/train/good/157.png,transistor,good,good,train
data/defect_images/raw/transistor/test/good/031-2.png,transistor,good,good,train
data/defect_images/raw/screw/test/thread_side/018-50.png,screw,thread_side,structural_damage,train
data/defect_images/raw/cable/train/good/101-10.png,cable,good,good,train
data/defect_images/raw/cable/test/good/043-12.png,cable,good,good,train
data/defect_images/raw/metal_nut/train/good/086-4.png,metal_nut,good,good,train
data/defect_images/raw/transistor/train/good/109.png,transistor,good,good,train
data/defect_images/raw/screw/test/manipulated_front/021-35.png,screw,manipulated_front,other_defect,train
data/defect_images/raw/transistor/train/good/004.png,transistor,good,good,train
data/defect_images/raw/cable/train/good/146-10.png,cable,good,good,train
data/defect_images/raw/cable/test/combined/008-72.png,cable,combined,other_defect,train
data/defect_images/raw/screw/train/good/206-12.png,screw,good,good,train
data/defect_images/raw/transistor/test/bent_lead/009-4.png,transistor,bent_lead,deformation,train
data/defect_images/raw/screw/test/good/019-40.png,screw,good,good,train
data/defect_images/raw/screw/test/thread_side/010-77.png,screw,thread_side,structural_damage,train
data/defect_images/raw/transistor/train/good/180.png,transistor,good,good,train
data/defect_images/raw/cable/test/poke_insulation/009-69.png,cable,poke_insulation,structural_damage,train
data/defect_images/raw/transistor/train/good/089.png,transistor,good,good,train
data/defect_images/raw/screw/test/good/031-19.png,screw,good,good,train
data/defect_images/raw/transistor/train/good/171.png,transistor,good,good,train
data/defect_images/raw/screw/train/good/055-14.png,screw,good,good,train
data/defect_images/raw/cable/train/good/220-7.png,cable,good,good,train
data/defect_images/raw/metal_nut/train/good/218-3.png,metal_nut,good,good,train
data/defect_images/raw/screw/test/scratch_neck/007-84.png,screw,scratch_neck,scratch,train
data/defect_images/raw/screw/train/good/063-12.png,screw,good,good,train
data/defect_images/raw/screw/test/good/008-85.png,screw,good,good,train
data/defect_images/raw/screw/test/thread_top/018-45.png,screw,thread_top,structural_damage,train
data/defect_images/raw/metal_nut/test/bent/016-18.png,metal_nut,bent,deformation,train
data/defect_images/raw/screw/train/good/011-69.png,screw,good,good,train
data/defect_images/raw/screw/train/good/215-11.png,screw,good,good,train
data/defect_images/raw/transistor/train/good/191.png,transistor,good,good,train
data/defect_images/raw/screw/train/good/202-12.png,screw,good,good,train
data/defect_images/raw/metal_nut/train/good/171-4.png,metal_nut,good,good,train
data/defect_images/raw/transistor/train/good/107.png,transistor,good,good,train
data/defect_images/raw/screw/train/good/211-12.png,screw,good,good,train
data/defect_images/raw/screw/test/manipulated_front/011-72.png,screw,manipulated_front,other_defect,train
data/defect_images/raw/cable/train/good/176-10.png,cable,good,good,train
data/defect_images/raw/screw/train/good/103-12.png,screw,good,good,train
data/defect_images/raw/transistor/test/good/029-2.png,transistor,good,good,train
data/defect_images/raw/metal_nut/train/good/177-4.png,metal_nut,good,good,train
data/defect_images/raw/screw/test/good/017-54.png,screw,good,good,train
data/defect_images/raw/transistor/train/good/040.png,transistor,good,good,train
data/defect_images/raw/screw/train/good/003-82.png,screw,good,good,train
data/defect_images/raw/cable/train/good/049-11.png,cable,good,good,train
data/defect_images/raw/cable/train/good/009-63.png,cable,good,good,train
data/defect_images/raw/screw/test/good/029-19.png,screw,good,good,train
data/defect_images/raw/metal_nut/train/good/128-4.png,metal_nut,good,good,train
data/defect_images/raw/metal_nut/train/good/135-4.png,metal_nut,good,good,train
data/defect_images/raw/metal_nut/test/bent/005-26.png,metal_nut,bent,deformation,train
data/defect_images/raw/screw/train/good/096-12.png,screw,good,good,train
data/defect_images/raw/screw/train/good/101-12.png,screw,good,good,train
data/defect_images/raw/cable/test/good/007-69.png,cable,good,good,train
data/defect_images/raw/metal_nut/train/good/053-5.png,metal_nut,good,good,train
data/defect_images/raw/transistor/train/good/077.png,transistor,good,good,train
data/defect_images/raw/cable/train/good/060-10.png,cable,good,good,train
data/defect_images/raw/cable/train/good/123-10.png,cable,good,good,train
data/defect_images/raw/metal_nut/train/good/154-4.png,metal_nut,good,good,train
data/defect_images/raw/transistor/test/cut_lead/003-5.png,transistor,cut_lead,structural_damage,train
data/defect_images/raw/cable/train/good/056-11.png,cable,good,good,train
data/defect_images/raw/metal_nut/train/good/052-5.png,metal_nut,good,good,train
data/defect_images/raw/metal_nut/train/good/178-4.png,metal_nut,good,good,train
data/defect_images/raw/screw/train/good/163-12.png,screw,good,good,train
data/defect_images/raw/screw/train/good/167-12.png,screw,good,good,train
data/defect_images/raw/cable/train/good/165-10.png,cable,good,good,train
data/defect_images/raw/cable/train/good/078-10.png,cable,good,good,train
data/defect_images/raw/metal_nut/test/scratch/021-12.png,metal_nut,scratch,scratch,train
data/defect_images/raw/metal_nut/test/scratch/012-16.png,metal_nut,scratch,scratch,train
data/defect_images/raw/screw/train/good/255-4.png,screw,good,good,train
data/defect_images/raw/metal_nut/test/scratch/006-24.png,metal_nut,scratch,scratch,train
data/defect_images/raw/transistor/train/good/029.png,transistor,good,good,train
data/defect_images/raw/screw/train/good/092-12.png,screw,good,good,train
data/defect_images/raw/screw/train/good/218-11.png,screw,good,good,train
data/defect_images/raw/screw/train/good/031-18.png,screw,good,good,train
data/defect_images/raw/screw/train/good/293-2.png,screw,good,good,train
data/defect_images/raw/cable/train/good/067-10.png,cable,good,good,train
data/defect_images/raw/cable/train/good/082-10.png,cable,good,good,train
data/defect_images/raw/transistor/test/good/038-2.png,transistor,good,good,train
data/defect_images/raw/screw/train/good/260-4.png,screw,good,good,train
data/defect_images/raw/cable/test/poke_insulation/003-71.png,cable,poke_insulation,structural_damage,train
data/defect_images/raw/screw/train/good/274-3.png,screw,good,good,train
data/defect_images/raw/cable/train/good/182-10.png,cable,good,good,train
data/defect_images/raw/cable/train/good/179-10.png,cable,good,good,train
data/defect_images/raw/transistor/train/good/186.png,transistor,good,good,train
data/defect_images/raw/screw/train/good/247-4.png,screw,good,good,train
data/defect_images/raw/metal_nut/train/good/147-4.png,metal_nut,good,good,train
data/defect_images/raw/screw/train/good/130-12.png,screw,good,good,train
data/defect_images/raw/metal_nut/test/good/020-15.png,metal_nut,good,good,train
data/defect_images/raw/transistor/train/good/132.png,transistor,good,good,train
data/defect_images/raw/transistor/test/good/046-2.png,transistor,good,good,train
data/defect_images/raw/metal_nut/train/good/193-4.png,metal_nut,good,good,train
data/defect_images/raw/cable/train/good/160-10.png,cable,good,good,train
data/defect_images/raw/screw/test/scratch_neck/017-52.png,screw,scratch_neck,scratch,train
data/defect_images/raw/cable/test/cut_outer_insulation/005-67.png,cable,cut_outer_insulation,structural_damage,train
data/defect_images/raw/screw/train/good/166-12.png,screw,good,good,train
data/defect_images/raw/screw/test/good/004-86.png,screw,good,good,train
data/defect_images/raw/transistor/train/good/113.png,transistor,good,good,train
data/defect_images/raw/metal_nut/test/good/018-17.png,metal_nut,good,good,train
data/defect_images/raw/transistor/train/good/160.png,transistor,good,good,train
data/defect_images/raw/screw/train/good/197-12.png,screw,good,good,train
data/defect_images/raw/cable/train/good/130-10.png,cable,good,good,train
data/defect_images/raw/metal_nut/train/good/035-5.png,metal_nut,good,good,train
data/defect_images/raw/screw/train/good/079-12.png,screw,good,good,train
data/defect_images/raw/metal_nut/test/good/016-17.png,metal_nut,good,good,train
data/defect_images/raw/transistor/train/good/068.png,transistor,good,good,train
data/defect_images/raw/transistor/train/good/178.png,transistor,good,good,train
data/defect_images/raw/screw/test/good/010-75.png,screw,good,good,train
data/defect_images/raw/cable/test/cut_inner_insulation/004-74.png,cable,cut_inner_insulation,structural_damage,train
data/defect_images/raw/transistor/train/good/010.png,transistor,good,good,train
data/defect_images/raw/metal_nut/train/good/142-4.png,metal_nut,good,good,train
data/defect_images/raw/cable/train/good/145-10.png,cable,good,good,train
data/defect_images/raw/metal_nut/test/bent/022-11.png,metal_nut,bent,deformation,train
data/defect_images/raw/cable/train/good/058-11.png,cable,good,good,train
data/defect_images/raw/transistor/train/good/123.png,transistor,good,good,train
data/defect_images/raw/cable/train/good/156-10.png,cable,good,good,train
data/defect_images/raw/metal_nut/train/good/100-4.png,metal_nut,good,good,train
data/defect_images/raw/screw/test/manipulated_front/018-47.png,screw,manipulated_front,other_defect,train
data/defect_images/raw/metal_nut/test/bent/006-26.png,metal_nut,bent,deformation,train
data/defect_images/raw/screw/test/good/018-48.png,screw,good,good,train
data/defect_images/raw/cable/train/good/012-56.png,cable,good,good,train
data/defect_images/raw/screw/test/scratch_neck/002-84.png,screw,scratch_neck,scratch,train
data/defect_images/raw/screw/train/good/019-36.png,screw,good,good,train
data/defect_images/raw/transistor/train/good/054.png,transistor,good,good,train
data/defect_images/raw/screw/train/good/056-14.png,screw,good,good,train
data/defect_images/raw/screw/train/good/005-82.png,screw,good,good,train
data/defect_images/raw/metal_nut/train/good/024-5.png,metal_nut,good,good,train
data/defect_images/raw/screw/train/good/034-15.png,screw,good,good,train
data/defect_images/raw/transistor/train/good/076.png,transistor,good,good,train
data/defect_images/raw/cable/test/missing_cable/004-70.png,cable,missing_cable,other_defect,train
data/defect_images/raw/transistor/train/good/051.png,transistor,good,good,train
data/defect_images/raw/cable/train/good/199-10.png,cable,good,good,train
data/defect_images/raw/metal_nut/train/good/061-4.png,metal_nut,good,good,train
data/defect_images/raw/transistor/train/good/081.png,transistor,good,good,train
data/defect_images/raw/transistor/test/good/016-2.png,transistor,good,good,train
data/defect_images/raw/cable/train/good/207-10.png,cable,good,good,train
data/defect_images/raw/transistor/test/damaged_case/003-2.png,transistor,damaged_case,structural_damage,train
data/defect_images/raw/screw/test/good/006-86.png,screw,good,good,train
data/defect_images/raw/screw/test/thread_side/008-87.png,screw,thread_side,structural_damage,train
data/defect_images/raw/metal_nut/train/good/123-4.png,metal_nut,good,good,train
data/defect_images/raw/cable/test/missing_wire/007-66.png,cable,missing_wire,other_defect,train
data/defect_images/raw/metal_nut/train/good/167-4.png,metal_nut,good,good,train
data/defect_images/raw/screw/train/good/127-12.png,screw,good,good,train
data/defect_images/raw/cable/test/cut_inner_insulation/002-74.png,cable,cut_inner_insulation,structural_damage,train
data/defect_images/raw/metal_nut/test/flip/015-15.png,metal_nut,flip,deformation,train
data/defect_images/raw/cable/train/good/061-10.png,cable,good,good,train
data/defect_images/raw/cable/train/good/068-10.png,cable,good,good,train
data/defect_images/raw/metal_nut/test/bent/023-6.png,metal_nut,bent,deformation,train
data/defect_images/raw/screw/train/good/319-2.png,screw,good,good,train
data/defect_images/raw/screw/train/good/048-14.png,screw,good,good,train
data/defect_images/raw/transistor/test/good/055-2.png,transistor,good,good,train
data/defect_images/raw/transistor/test/good/049-2.png,transistor,good,good,train
data/defect_images/raw/metal_nut/train/good/050-5.png,metal_nut,good,good,train
data/defect_images/raw/screw/train/good/016-60.png,screw,good,good,train
data/defect_images/raw/screw/train/good/265-4.png,screw,good,good,train
data/defect_images/raw/metal_nut/test/color/015-14.png,metal_nut,color,contamination,train
data/defect_images/raw/cable/train/good/011-56.png,cable,good,good,train
data/defect_images/raw/metal_nut/train/good/057-5.png,metal_nut,good,good,train
data/defect_images/raw/cable/test/good/025-18.png,cable,good,good,train
data/defect_images/raw/transistor/train/good/196.png,transistor,good,good,train
data/defect_images/raw/screw/test/scratch_head/013-71.png,screw,scratch_head,scratch,train
data/defect_images/raw/metal_nut/test/flip/012-15.png,metal_nut,flip,deformation,train
data/defect_images/raw/transistor/test/good/015-2.png,transistor,good,good,train
data/defect_images/raw/screw/test/scratch_head/005-87.png,screw,scratch_head,scratch,train
data/defect_images/raw/cable/train/good/196-10.png,cable,good,good,train
data/defect_images/raw/cable/test/good/042-12.png,cable,good,good,train
data/defect_images/raw/transistor/train/good/097.png,transistor,good,good,train
data/defect_images/raw/screw/train/good/285-2.png,screw,good,good,train
data/defect_images/raw/transistor/train/good/140.png,transistor,good,good,train
data/defect_images/raw/cable/train/good/108-10.png,cable,good,good,train
data/defect_images/raw/cable/train/good/163-10.png,cable,good,good,train
data/defect_images/raw/transistor/train/good/059.png,transistor,good,good,train
data/defect_images/raw/screw/train/good/178-12.png,screw,good,good,train
data/defect_images/raw/transistor/train/good/108.png,transistor,good,good,train
data/defect_images/raw/cable/train/good/214-9.png,cable,good,good,train
data/defect_images/raw/metal_nut/train/good/058-5.png,metal_nut,good,good,train
data/defect_images/raw/screw/test/thread_side/015-70.png,screw,thread_side,structural_damage,train
data/defect_images/raw/metal_nut/train/good/031-5.png,metal_nut,good,good,train
data/defect_images/raw/transistor/test/good/035-2.png,transistor,good,good,train
data/defect_images/raw/cable/train/good/014-56.png,cable,good,good,train
data/defect_images/raw/metal_nut/train/good/157-4.png,metal_nut,good,good,train
data/defect_images/raw/screw/train/good/107-12.png,screw,good,good,train
data/defect_images/raw/cable/train/good/105-10.png,cable,good,good,train
data/defect_images/raw/screw/train/good/143-12.png,screw,good,good,train
data/defect_images/raw/metal_nut/train/good/127-4.png,metal_nut,good,good,train
data/defect_images/raw/transistor/test/good/023-2.png,transistor,good,good,train
data/defect_images/raw/metal_nut/train/good/206-4.png,metal_nut,good,good,train
data/defect_images/raw/transistor/train/good/152.png,transistor,good,good,train
data/defect_images/raw/cable/test/bent_wire/009-70.png,cable,bent_wire,deformation,train
data/defect_images/raw/cable/train/good/030-14.png,cable,good,good,train
data/defect_images/raw/screw/test/good/028-19.png,screw,good,good,train
data/defect_images/raw/screw/train/good/310-2.png,screw,good,good,train
data/defect_images/raw/metal_nut/train/good/066-4.png,metal_nut,good,good,train
data/defect_images/raw/screw/train/good/281-2.png,screw,good,good,train
data/defect_images/raw/cable/train/good/027-15.png,cable,good,good,train
data/defect_images/raw/transistor/train/good/062.png,transistor,good,good,train
data/defect_images/raw/screw/test/good/012-71.png,screw,good,good,train
data/defect_images/raw/cable/train/good/077-10.png,cable,good,good,train
data/defect_images/raw/transistor/test/good/003-6.png,transistor,good,good,train
data/defect_images/raw/metal_nut/train/good/005-21.png,metal_nut,good,good,train
data/defect_images/raw/transistor/train/good/053.png,transistor,good,good,train
data/defect_images/raw/metal_nut/test/good/004-25.png,metal_nut,good,good,train
data/defect_images/raw/transistor/train/good/038.png,transistor,good,good,train
data/defect_images/raw/transistor/test/damaged_case/006-2.png,transistor,damaged_case,structural_damage,train
data/defect_images/raw/screw/test/thread_top/020-36.png,screw,thread_top,structural_damage,train
data/defect_images/raw/screw/test/thread_side/022-35.png,screw,thread_side,structural_damage,train
data/defect_images/raw/cable/train/good/007-65.png,cable,good,good,train
data/defect_images/raw/screw/test/good/009-84.png,screw,good,good,train
data/defect_images/raw/transistor/train/good/082.png,transistor,good,good,train
data/defect_images/raw/screw/train/good/246-5.png,screw,good,good,train
data/defect_images/raw/metal_nut/train/good/059-5.png,metal_nut,good,good,train
data/defect_images/raw/screw/train/good/111-12.png,screw,good,good,train
data/defect_images/raw/screw/train/good/249-4.png,screw,good,good,train
data/defect_images/raw/cable/test/poke_insulation/006-71.png,cable,poke_insulation,structural_damage,train
data/defect_images/raw/metal_nut/train/good/212-4.png,metal_nut,good,good,train
data/defect_images/raw/screw/train/good/023-24.png,screw,good,good,train
data/defect_images/raw/cable/train/good/223-7.png,cable,good,good,train
data/defect_images/raw/screw/train/good/155-12.png,screw,good,good,train
data/defect_images/raw/cable/train/good/063-10.png,cable,good,good,train
data/defect_images/raw/screw/train/good/267-3.png,screw,good,good,train
data/defect_images/raw/metal_nut/train/good/101-4.png,metal_nut,good,good,train
data/defect_images/raw/metal_nut/train/good/124-4.png,metal_nut,good,good,train
data/defect_images/raw/metal_nut/train/good/015-13.png,metal_nut,good,good,train
data/defect_images/raw/screw/train/good/136-12.png,screw,good,good,train
data/defect_images/raw/transistor/train/good/161.png,transistor,good,good,train
data/defect_images/raw/transistor/train/good/008.png,transistor,good,good,train
data/defect_images/raw/metal_nut/train/good/038-5.png,metal_nut,good,good,train
data/defect_images/raw/metal_nut/train/good/065-4.png,metal_nut,good,good,train
data/defect_images/raw/cable/train/good/111-10.png,cable,good,good,train
data/defect_images/raw/metal_nut/train/good/132-4.png,metal_nut,good,good,train
data/defect_images/raw/screw/train/good/257-4.png,screw,good,good,train
data/defect_images/raw/metal_nut/test/bent/003-26.png,metal_nut,bent,deformation,train
data/defect_images/raw/cable/test/bent_wire/002-72.png,cable,bent_wire,deformation,train
data/defect_images/raw/metal_nut/train/good/003-21.png,metal_nut,good,good,train
data/defect_images/raw/screw/train/good/316-2.png,screw,good,good,train
data/defect_images/raw/metal_nut/train/good/042-5.png,metal_nut,good,good,train
data/defect_images/raw/metal_nut/test/flip/013-15.png,metal_nut,flip,deformation,train
data/defect_images/raw/cable/test/good/015-56.png,cable,good,good,train
data/defect_images/raw/transistor/train/good/100.png,transistor,good,good,train
data/defect_images/raw/cable/train/good/095-10.png,cable,good,good,train
data/defect_images/raw/transistor/test/damaged_case/002-2.png,transistor,damaged_case,structural_damage,train
data/defect_images/raw/transistor/train/good/151.png,transistor,good,good,train
data/defect_images/raw/cable/test/missing_cable/007-70.png,cable,missing_cable,other_defect,train
data/defect_images/raw/screw/train/good/225-8.png,screw,good,good,train
data/defect_images/raw/cable/test/good/047-12.png,cable,good,good,train
data/defect_images/raw/metal_nut/test/scratch/008-23.png,metal_nut,scratch,scratch,train
data/defect_images/raw/cable/test/good/046-12.png,cable,good,good,train
data/defect_images/raw/metal_nut/train/good/112-4.png,metal_nut,good,good,train
data/defect_images/raw/cable/test/bent_wire/004-72.png,cable,bent_wire,deformation,train
data/defect_images/raw/cable/test/good/003-69.png,cable,good,good,train
data/defect_images/raw/screw/train/good/311-2.png,screw,good,good,train
data/defect_images/raw/screw/train/good/046-14.png,screw,good,good,train
data/defect_images/raw/cable/train/good/126-10.png,cable,good,good,train
data/defect_images/raw/cable/train/good/020-31.png,cable,good,good,train
data/defect_images/raw/cable/test/good/005-69.png,cable,good,good,train
data/defect_images/raw/metal_nut/train/good/194-4.png,metal_nut,good,good,train
data/defect_images/raw/metal_nut/train/good/209-4.png,metal_nut,good,good,train
data/defect_images/raw/transistor/train/good/096.png,transistor,good,good,train
data/defect_images/raw/metal_nut/test/bent/021-14.png,metal_nut,bent,deformation,train
data/defect_images/raw/metal_nut/train/good/090-4.png,metal_nut,good,good,train
data/defect_images/raw/transistor/train/good/025.png,transistor,good,good,train
data/defect_images/raw/screw/train/good/102-12.png,screw,good,good,train
data/defect_images/raw/cable/test/good/030-15.png,cable,good,good,train
data/defect_images/raw/screw/train/good/078-12.png,screw,good,good,train
data/defect_images/raw/cable/test/missing_wire/006-66.png,cable,missing_wire,other_defect,train
data/defect_images/raw/metal_nut/test/flip/004-23.png,metal_nut,flip,deformation,train
data/defect_images/raw/cable/train/good/017-42.png,cable,good,good,train
data/defect_images/raw/screw/test/manipulated_front/000-85.png,screw,manipulated_front,other_defect,train
data/defect_images/raw/screw/train/good/297-2.png,screw,good,good,train
data/defect_images/raw/cable/train/good/118-10.png,cable,good,good,train
data/defect_images/raw/cable/train/good/109-10.png,cable,good,good,train
data/defect_images/raw/transistor/train/good/146.png,transistor,good,good,train
data/defect_images/raw/cable/train/good/140-10.png,cable,good,good,train
data/defect_images/raw/screw/test/good/037-16.png,screw,good,good,train
data/defect_images/raw/transistor/train/good/086.png,transistor,good,good,train
data/defect_images/raw/screw/train/good/051-14.png,screw,good,good,train
data/defect_images/raw/cable/train/good/202-10.png,cable,good,good,train
data/defect_images/raw/screw/train/good/216-11.png,screw,good,good,train
data/defect_images/raw/screw/train/good/124-12.png,screw,good,good,train
data/defect_images/raw/cable/train/good/106-10.png,cable,good,good,train
data/defect_images/raw/cable/test/good/041-12.png,cable,good,good,train
data/defect_images/raw/screw/test/scratch_neck/008-83.png,screw,scratch_neck,scratch,train
data/defect_images/raw/screw/test/good/021-36.png,screw,good,good,train
data/defect_images/raw/metal_nut/test/scratch/002-24.png,metal_nut,scratch,scratch,train
data/defect_images/raw/transistor/train/good/078.png,transistor,good,good,train
data/defect_images/raw/cable/train/good/036-12.png,cable,good,good,train
data/defect_images/raw/screw/train/good/139-12.png,screw,good,good,train
data/defect_images/raw/transistor/test/good/057-2.png,transistor,good,good,train
data/defect_images/raw/metal_nut/train/good/032-5.png,metal_nut,good,good,train
data/defect_images/raw/cable/train/good/018-37.png,cable,good,good,train
data/defect_images/raw/metal_nut/train/good/082-4.png,metal_nut,good,good,train
data/defect_images/raw/transistor/test/bent_lead/004-4.png,transistor,bent_lead,deformation,train
data/defect_images/raw/transistor/test/damaged_case/001-2.png,transistor,damaged_case,structural_damage,train
data/defect_images/raw/screw/train/good/303-2.png,screw,good,good,train
data/defect_images/raw/transistor/train/good/057.png,transistor,good,good,train
data/defect_images/raw/transistor/train/good/105.png,transistor,good,good,train
data/defect_images/raw/cable/train/good/042-11.png,cable,good,good,train
data/defect_images/raw/transistor/test/cut_lead/008-5.png,transistor,cut_lead,structural_damage,train
data/defect_images/raw/transistor/test/good/007-6.png,transistor,good,good,train
data/defect_images/raw/metal_nut/train/good/164-4.png,metal_nut,good,good,train
data/defect_images/raw/metal_nut/train/good/012-13.png,metal_nut,good,good,train
data/defect_images/raw/metal_nut/train/good/076-4.png,metal_nut,good,good,train
data/defect_images/raw/metal_nut/train/good/160-4.png,metal_nut,good,good,train
data/defect_images/raw/transistor/test/bent_lead/003-4.png,transistor,bent_lead,deformation,train
data/defect_images/raw/cable/train/good/147-10.png,cable,good,good,train
data/defect_images/raw/screw/test/good/001-86.png,screw,good,good,train
data/defect_images/raw/transistor/test/misplaced/001-3.png,transistor,misplaced,other_defect,train
data/defect_images/raw/transistor/test/good/050-2.png,transistor,good,good,train
data/defect_images/raw/transistor/test/good/013-2.png,transistor,good,good,train
data/defect_images/raw/transistor/train/good/013.png,transistor,good,good,train
data/defect_images/raw/metal_nut/train/good/162-4.png,metal_nut,good,good,train
data/defect_images/raw/screw/train/good/296-2.png,screw,good,good,train
data/defect_images/raw/transistor/test/good/027-2.png,transistor,good,good,train
data/defect_images/raw/transistor/test/damaged_case/008-2.png,transistor,damaged_case,structural_damage,train
data/defect_images/raw/metal_nut/train/good/111-4.png,metal_nut,good,good,train
data/defect_images/raw/cable/test/cut_outer_insulation/007-67.png,cable,cut_outer_insulation,structural_damage,train
data/defect_images/raw/transistor/train/good/188.png,transistor,good,good,train
data/defect_images/raw/transistor/test/good/014-2.png,transistor,good,good,train
data/defect_images/raw/metal_nut/train/good/121-4.png,metal_nut,good,good,train
data/defect_images/raw/transistor/train/good/203.png,transistor,good,good,train
data/defect_images/raw/cable/train/good/021-28.png,cable,good,good,train
data/defect_images/raw/screw/test/good/030-19.png,screw,good,good,train
data/defect_images/raw/metal_nut/train/good/014-13.png,metal_nut,good,good,train
data/defect_images/raw/screw/test/good/020-39.png,screw,good,good,train
data/defect_images/raw/metal_nut/train/good/116-4.png,metal_nut,good,good,train
data/defect_images/raw/transistor/test/bent_lead/006-4.png,transistor,bent_lead,deformation,train
data/defect_images/raw/screw/test/thread_top/008-82.png,screw,thread_top,structural_damage,train
data/defect_images/raw/screw/train/good/138-12.png,screw,good,good,train
data/defect_images/raw/metal_nut/train/good/008-20.png,metal_nut,good,good,train
data/defect_images/raw/screw/test/scratch_neck/013-68.png,screw,scratch_neck,scratch,train
data/defect_images/raw/cable/train/good/201-10.png,cable,good,good,train
data/defect_images/raw/screw/test/manipulated_front/003-85.png,screw,manipulated_front,other_defect,train
data/defect_images/raw/transistor/test/misplaced/000-3.png,transistor,misplaced,other_defect,train
data/defect_images/raw/transistor/test/cut_lead/005-5.png,transistor,cut_lead,structural_damage,train
data/defect_images/raw/cable/test/bent_wire/000-72.png,cable,bent_wire,deformation,train
data/defect_images/raw/screw/train/good/033-15.png,screw,good,good,train
data/defect_images/raw/screw/train/good/266-4.png,screw,good,good,train
data/defect_images/raw/metal_nut/train/good/195-4.png,metal_nut,good,good,train
data/defect_images/raw/screw/test/scratch_head/001-87.png,screw,scratch_head,scratch,train
data/defect_images/raw/screw/test/manipulated_front/009-83.png,screw,manipulated_front,other_defect,train
data/defect_images/raw/transistor/train/good/098.png,transistor,good,good,train
data/defect_images/raw/transistor/test/good/017-2.png,transistor,good,good,train
data/defect_images/raw/screw/train/good/276-3.png,screw,good,good,train
data/defect_images/raw/metal_nut/train/good/028-5.png,metal_nut,good,good,train
data/defect_images/raw/metal_nut/train/good/025-5.png,metal_nut,good,good,train
data/defect_images/raw/cable/test/cut_outer_insulation/008-66.png,cable,cut_outer_insulation,structural_damage,train
data/defect_images/raw/screw/train/good/237-7.png,screw,good,good,train
data/defect_images/raw/screw/train/good/212-12.png,screw,good,good,train
data/defect_images/raw/screw/train/good/109-12.png,screw,good,good,train
data/defect_images/raw/transistor/test/bent_lead/001-4.png,transistor,bent_lead,deformation,train
data/defect_images/raw/transistor/train/good/073.png,transistor,good,good,train
data/defect_images/raw/transistor/test/bent_lead/008-4.png,transistor,bent_lead,deformation,train
data/defect_images/raw/metal_nut/train/good/169-4.png,metal_nut,good,good,train
data/defect_images/raw/screw/train/good/195-12.png,screw,good,good,train
data/defect_images/raw/screw/train/good/275-3.png,screw,good,good,train
data/defect_images/raw/cable/train/good/071-10.png,cable,good,good,train
data/defect_images/raw/transistor/train/good/164.png,transistor,good,good,train
data/defect_images/raw/screw/train/good/233-7.png,screw,good,good,train
data/defect_images/raw/cable/test/missing_wire/003-66.png,cable,missing_wire,other_defect,train
data/defect_images/raw/cable/test/cable_swap/008-67.png,cable,cable_swap,other_defect,train
data/defect_images/raw/screw/train/good/150-12.png,screw,good,good,train
data/defect_images/raw/screw/test/scratch_neck/009-82.png,screw,scratch_neck,scratch,train
data/defect_images/raw/screw/test/good/033-16.png,screw,good,good,train
data/defect_images/raw/screw/test/thread_side/000-88.png,screw,thread_side,structural_damage,train
data/defect_images/raw/transistor/test/good/018-2.png,transistor,good,good,train
data/defect_images/raw/transistor/test/good/037-2.png,transistor,good,good,train
data/defect_images/raw/screw/train/good/165-12.png,screw,good,good,train
data/defect_images/raw/screw/train/good/207-12.png,screw,good,good,train
data/defect_images/raw/cable/train/good/164-10.png,cable,good,good,train
data/defect_images/raw/metal_nut/train/good/156-4.png,metal_nut,good,good,train
data/defect_images/raw/metal_nut/train/good/055-5.png,metal_nut,good,good,train
data/defect_images/raw/transistor/train/good/118.png,transistor,good,good,train
data/defect_images/raw/cable/test/good/018-38.png,cable,good,good,train
data/defect_images/raw/cable/train/good/005-65.png,cable,good,good,train
data/defect_images/raw/metal_nut/train/good/190-4.png,metal_nut,good,good,train
data/defect_images/raw/metal_nut/test/color/011-14.png,metal_nut,color,contamination,train
data/defect_images/raw/transistor/train/good/129.png,transistor,good,good,train
data/defect_images/raw/cable/test/cut_inner_insulation/010-63.png,cable,cut_inner_insulation,structural_damage,train
data/defect_images/raw/screw/test/good/014-69.png,screw,good,good,train
data/defect_images/raw/cable/test/good/039-13.png,cable,good,good,train
data/defect_images/raw/screw/train/good/189-12.png,screw,good,good,train
data/defect_images/raw/metal_nut/train/good/027-5.png,metal_nut,good,good,train
data/defect_images/raw/cable/test/cut_outer_insulation/009-65.png,cable,cut_outer_insulation,structural_damage,train
data/defect_images/raw/metal_nut/train/good/004-21.png,metal_nut,good,good,train
data/defect_images/raw/metal_nut/test/good/017-17.png,metal_nut,good,good,train
data/defect_images/raw/metal_nut/train/good/037-5.png,metal_nut,good,good,train
data/defect_images/raw/transistor/test/good/059-2.png,transistor,good,good,train
data/defect_images/raw/cable/test/cut_inner_insulation/006-74.png,cable,cut_inner_insulation,structural_damage,train
data/defect_images/raw/screw/test/manipulated_front/016-63.png,screw,manipulated_front,other_defect,train
data/defect_images/raw/screw/train/good/173-12.png,screw,good,good,train
data/defect_images/raw/screw/test/manipulated_front/006-85.png,screw,manipulated_front,other_defect,train
data/defect_images/raw/screw/train/good/273-3.png,screw,good,good,train
data/defect_images/raw/transistor/test/good/052-2.png,transistor,good,good,train
data/defect_images/raw/metal_nut/train/good/097-4.png,metal_nut,good,good,train
data/defect_images/raw/screw/test/thread_side/021-38.png,screw,thread_side,structural_damage,train
data/defect_images/raw/screw/train/good/203-12.png,screw,good,good,train
data/defect_images/raw/metal_nut/train/good/203-4.png,metal_nut,good,good,train
data/defect_images/raw/transistor/train/good/094.png,transistor,good,good,train
data/defect_images/raw/cable/train/good/137-10.png,cable,good,good,train
data/defect_images/raw/screw/train/good/068-12.png,screw,good,good,train
data/defect_images/raw/cable/train/good/097-10.png,cable,good,good,train
data/defect_images/raw/screw/train/good/271-3.png,screw,good,good,train
data/defect_images/raw/screw/train/good/253-4.png,screw,good,good,train
data/defect_images/raw/cable/train/good/219-8.png,cable,good,good,train
data/defect_images/raw/screw/train/good/240-6.png,screw,good,good,train
data/defect_images/raw/cable/train/good/072-10.png,cable,good,good,train
data/defect_images/raw/metal_nut/test/color/000-22.png,metal_nut,color,contamination,train
data/defect_images/raw/transistor/train/good/046.png,transistor,good,good,train
data/defect_images/raw/transistor/test/bent_lead/007-4.png,transistor,bent_lead,deformation,train
data/defect_images/raw/transistor/test/good/056-2.png,transistor,good,good,train
data/defect_images/raw/metal_nut/train/good/138-4.png,metal_nut,good,good,train
data/defect_images/raw/metal_nut/train/good/197-4.png,metal_nut,good,good,train
data/defect_images/raw/cable/test/good/028-15.png,cable,good,good,train
data/defect_images/raw/screw/train/good/036-15.png,screw,good,good,train
data/defect_images/raw/cable/train/good/004-65.png,cable,good,good,train
data/defect_images/raw/screw/train/good/028-18.png,screw,good,good,train
data/defect_images/raw/screw/train/good/204-12.png,screw,good,good,train
data/defect_images/raw/transistor/train/good/021.png,transistor,good,good,train
data/defect_images/raw/cable/test/good/009-67.png,cable,good,good,train
data/defect_images/raw/transistor/train/good/039.png,transistor,good,good,train
data/defect_images/raw/screw/train/good/294-2.png,screw,good,good,train
data/defect_images/raw/transistor/train/good/063.png,transistor,good,good,train
data/defect_images/raw/transistor/train/good/044.png,transistor,good,good,train
data/defect_images/raw/transistor/test/good/026-2.png,transistor,good,good,train
data/defect_images/raw/transistor/test/good/051-2.png,transistor,good,good,train
data/defect_images/raw/transistor/train/good/179.png,transistor,good,good,train
data/defect_images/raw/screw/train/good/162-12.png,screw,good,good,train
data/defect_images/raw/cable/test/good/031-15.png,cable,good,good,train
data/defect_images/raw/transistor/train/good/049.png,transistor,good,good,train
data/defect_images/raw/metal_nut/train/good/072-4.png,metal_nut,good,good,train
data/defect_images/raw/screw/test/scratch_head/016-65.png,screw,scratch_head,scratch,train
data/defect_images/raw/metal_nut/train/good/139-4.png,metal_nut,good,good,train
data/defect_images/raw/cable/train/good/081-10.png,cable,good,good,train
data/defect_images/raw/transistor/train/good/037.png,transistor,good,good,train
data/defect_images/raw/cable/train/good/041-11.png,cable,good,good,train
data/defect_images/raw/cable/test/combined/009-71.png,cable,combined,other_defect,train
data/defect_images/raw/cable/train/good/192-10.png,cable,good,good,train
data/defect_images/raw/metal_nut/test/color/004-22.png,metal_nut,color,contamination,train
data/defect_images/raw/screw/test/thread_top/003-83.png,screw,thread_top,structural_damage,train
data/defect_images/raw/screw/train/good/251-4.png,screw,good,good,train
data/defect_images/raw/screw/test/thread_side/013-72.png,screw,thread_side,structural_damage,train
data/defect_images/raw/transistor/test/good/053-2.png,transistor,good,good,train
data/defect_images/raw/transistor/test/misplaced/003-3.png,transistor,misplaced,other_defect,train
data/defect_images/raw/screw/test/manipulated_front/008-84.png,screw,manipulated_front,other_defect,train
data/defect_images/raw/cable/test/good/012-57.png,cable,good,good,train
data/defect_images/raw/transistor/train/good/115.png,transistor,good,good,train
data/defect_images/raw/cable/train/good/100-10.png,cable,good,good,train
data/defect_images/raw/transistor/test/good/033-2.png,transistor,good,good,train
data/defect_images/raw/screw/train/good/054-14.png,screw,good,good,train
data/defect_images/raw/cable/test/bent_wire/006-72.png,cable,bent_wire,deformation,train
data/defect_images/raw/metal_nut/test/flip/002-23.png,metal_nut,flip,deformation,train
data/defect_images/raw/metal_nut/test/good/010-18.png,metal_nut,good,good,train
data/defect_images/raw/cable/test/cut_inner_insulation/001-74.png,cable,cut_inner_insulation,structural_damage,train
data/defect_images/raw/screw/train/good/287-2.png,screw,good,good,train
data/defect_images/raw/screw/train/good/243-6.png,screw,good,good,train
data/defect_images/raw/metal_nut/train/good/175-4.png,metal_nut,good,good,train
data/defect_images/raw/cable/train/good/044-11.png,cable,good,good,train
data/defect_images/raw/cable/train/good/180-10.png,cable,good,good,train
data/defect_images/raw/screw/test/manipulated_front/004-85.png,screw,manipulated_front,other_defect,train
data/defect_images/raw/screw/train/good/158-12.png,screw,good,good,train
data/defect_images/raw/cable/train/good/031-14.png,cable,good,good,train
data/defect_images/raw/cable/test/good/011-58.png,cable,good,good,train
data/defect_images/raw/metal_nut/train/good/120-4.png,metal_nut,good,good,train
data/defect_images/raw/metal_nut/train/good/215-3.png,metal_nut,good,good,train
data/defect_images/raw/metal_nut/train/good/020-11.png,metal_nut,good,good,train
data/defect_images/raw/screw/train/good/174-12.png,screw,good,good,train
data/defect_images/raw/screw/test/good/003-86.png,screw,good,good,train
data/defect_images/raw/cable/train/good/186-10.png,cable,good,good,train
data/defect_images/raw/metal_nut/train/good/144-4.png,metal_nut,good,good,train
data/defect_images/raw/cable/train/good/155-10.png,cable,good,good,train
data/defect_images/raw/screw/train/good/045-14.png,screw,good,good,train
data/defect_images/raw/screw/train/good/091-12.png,screw,good,good,train
data/defect_images/raw/cable/test/cable_swap/007-68.png,cable,cable_swap,other_defect,train
data/defect_images/raw/screw/train/good/241-6.png,screw,good,good,train
data/defect_images/raw/cable/train/good/181-10.png,cable,good,good,train
data/defect_images/raw/cable/train/good/089-10.png,cable,good,good,train
data/defect_images/raw/metal_nut/train/good/091-4.png,metal_nut,good,good,train
data/defect_images/raw/screw/train/good/199-12.png,screw,good,good,train
data/defect_images/raw/transistor/train/good/181.png,transistor,good,good,train
data/defect_images/raw/transistor/train/good/159.png,transistor,good,good,train
data/defect_images/raw/transistor/train/good/205.png,transistor,good,good,train
data/defect_images/raw/screw/train/good/170-12.png,screw,good,good,train
data/defect_images/raw/screw/test/scratch_neck/000-84.png,screw,scratch_neck,scratch,train
data/defect_images/raw/screw/train/good/200-12.png,screw,good,good,train
data/defect_images/raw/screw/test/scratch_head/014-70.png,screw,scratch_head,scratch,train
data/defect_images/raw/screw/train/good/106-12.png,screw,good,good,train
data/defect_images/raw/screw/train/good/072-12.png,screw,good,good,train
data/defect_images/raw/metal_nut/train/good/047-5.png,metal_nut,good,good,train
data/defect_images/raw/cable/train/good/213-9.png,cable,good,good,train
data/defect_images/raw/metal_nut/train/good/046-5.png,metal_nut,good,good,train
data/defect_images/raw/cable/train/good/008-64.png,cable,good,good,train
data/defect_images/raw/cable/train/good/046-11.png,cable,good,good,train
data/defect_images/raw/metal_nut/train/good/153-4.png,metal_nut,good,good,train
data/defect_images/raw/screw/test/thread_top/016-61.png,screw,thread_top,structural_damage,train
data/defect_images/raw/metal_nut/test/scratch/003-24.png,metal_nut,scratch,scratch,train
data/defect_images/raw/cable/train/good/208-10.png,cable,good,good,train
data/defect_images/raw/screw/train/good/100-12.png,screw,good,good,train
data/defect_images/raw/cable/test/cable_swap/002-68.png,cable,cable_swap,other_defect,train
data/defect_images/raw/cable/train/good/166-10.png,cable,good,good,train
data/defect_images/raw/cable/train/good/015-55.png,cable,good,good,train
data/defect_images/raw/cable/test/cut_inner_insulation/013-58.png,cable,cut_inner_insulation,structural_damage,train
data/defect_images/raw/metal_nut/train/good/107-4.png,metal_nut,good,good,train
data/defect_images/raw/cable/test/bent_wire/010-61.png,cable,bent_wire,deformation,train
data/defect_images/raw/screw/train/good/001-82.png,screw,good,good,train
data/defect_images/raw/transistor/train/good/173.png,transistor,good,good,train
data/defect_images/raw/cable/train/good/001-65.png,cable,good,good,train
data/defect_images/raw/screw/test/thread_top/006-83.png,screw,thread_top,structural_damage,train
data/defect_images/raw/transistor/train/good/145.png,transistor,good,good,train
data/defect_images/raw/transistor/train/good/128.png,transistor,good,good,train
data/defect_images/raw/cable/test/good/002-69.png,cable,good,good,train
data/defect_images/raw/metal_nut/test/bent/010-19.png,metal_nut,bent,deformation,train
data/defect_images/raw/screw/train/good/152-12.png,screw,good,good,train
data/defect_images/raw/screw/train/good/042-14.png,screw,good,good,train
data/defect_images/raw/transistor/train/good/195.png,transistor,good,good,train
data/defect_images/raw/metal_nut/test/bent/000-26.png,metal_nut,bent,deformation,train
data/defect_images/raw/cable/train/good/120-10.png,cable,good,good,train
data/defect_images/raw/screw/train/good/308-2.png,screw,good,good,train
data/defect_images/raw/cable/train/good/022-25.png,cable,good,good,train
data/defect_images/raw/transistor/train/good/121.png,transistor,good,good,train
data/defect_images/raw/screw/train/good/261-4.png,screw,good,good,train
data/defect_images/raw/cable/train/good/013-56.png,cable,good,good,train
data/defect_images/raw/screw/test/good/025-22.png,screw,good,good,train
data/defect_images/raw/cable/train/good/141-10.png,cable,good,good,train
data/defect_images/raw/cable/train/good/114-10.png,cable,good,good,train
data/defect_images/raw/transistor/train/good/017.png,transistor,good,good,train
data/defect_images/raw/cable/train/good/183-10.png,cable,good,good,train
data/defect_images/raw/transistor/train/good/088.png,transistor,good,good,train
data/defect_images/raw/metal_nut/train/good/200-4.png,metal_nut,good,good,train
data/defect_images/raw/metal_nut/test/scratch/004-24.png,metal_nut,scratch,scratch,train
data/defect_images/raw/screw/test/good/040-15.png,screw,good,good,train
data/defect_images/raw/cable/train/good/039-12.png,cable,good,good,train
data/defect_images/raw/cable/train/good/029-14.png,cable,good,good,train
data/defect_images/raw/screw/train/good/264-4.png,screw,good,good,train
data/defect_images/raw/cable/train/good/151-10.png,cable,good,good,train
data/defect_images/raw/screw/test/scratch_head/007-87.png,screw,scratch_head,scratch,train
data/defect_images/raw/cable/train/good/203-10.png,cable,good,good,train
data/defect_images/raw/screw/train/good/208-12.png,screw,good,good,train
data/defect_images/raw/screw/train/good/044-14.png,screw,good,good,train
data/defect_images/raw/metal_nut/test/color/012-14.png,metal_nut,color,contamination,train
data/defect_images/raw/metal_nut/test/color/016-14.png,metal_nut,color,contamination,train
data/defect_images/raw/screw/test/scratch_neck/020-37.png,screw,scratch_neck,scratch,train
data/defect_images/raw/metal_nut/train/good/077-4.png,metal_nut,good,good,train
data/defect_images/raw/transistor/train/good/019.png,transistor,good,good,train
data/defect_images/raw/screw/train/good/205-12.png,screw,good,good,train
data/defect_images/raw/transistor/test/misplaced/006-3.png,transistor,misplaced,other_defect,train
data/defect_images/raw/screw/train/good/213-11.png,screw,good,good,train
data/defect_images/raw/transistor/train/good/084.png,transistor,good,good,train
data/defect_images/raw/screw/test/scratch_neck/018-46.png,screw,scratch_neck,scratch,train
data/defect_images/raw/transistor/train/good/023.png,transistor,good,good,train
data/defect_images/raw/cable/test/missing_cable/008-69.png,cable,missing_cable,other_defect,train
data/defect_images/raw/cable/test/combined/001-73.png,cable,combined,other_defect,train
data/defect_images/raw/transistor/train/good/163.png,transistor,good,good,train
data/defect_images/raw/screw/train/good/050-14.png,screw,good,good,train
data/defect_images/raw/cable/train/good/173-10.png,cable,good,good,train
data/defect_images/raw/cable/test/good/034-13.png,cable,good,good,train
data/defect_images/raw/screw/test/thread_side/009-86.png,screw,thread_side,structural_damage,train
data/defect_images/raw/screw/test/thread_top/011-70.png,screw,thread_top,structural_damage,train
data/defect_images/raw/screw/test/thread_top/005-83.png,screw,thread_top,structural_damage,train
data/defect_images/raw/metal_nut/test/good/014-17.png,metal_nut,good,good,train
data/defect_images/raw/cable/test/cable_swap/009-66.png,cable,cable_swap,other_defect,train
data/defect_images/raw/metal_nut/train/good/094-4.png,metal_nut,good,good,train
data/defect_images/raw/screw/train/good/168-12.png,screw,good,good,train
data/defect_images/raw/transistor/train/good/130.png,transistor,good,good,train
data/defect_images/raw/screw/train/good/052-14.png,screw,good,good,train
data/defect_images/raw/metal_nut/train/good/119-4.png,metal_nut,good,good,train
data/defect_images/raw/screw/test/good/024-25.png,screw,good,good,train
data/defect_images/raw/screw/train/good/126-12.png,screw,good,good,train
data/defect_images/raw/metal_nut/test/color/003-22.png,metal_nut,color,contamination,train
data/defect_images/raw/screw/test/thread_top/000-83.png,screw,thread_top,structural_damage,train
data/defect_images/raw/metal_nut/train/good/219-2.png,metal_nut,good,good,train
data/defect_images/raw/screw/train/good/309-2.png,screw,good,good,train
data/defect_images/raw/metal_nut/train/good/158-4.png,metal_nut,good,good,train
data/defect_images/raw/cable/train/good/162-10.png,cable,good,good,train
data/defect_images/raw/transistor/train/good/165.png,transistor,good,good,train
data/defect_images/raw/screw/train/good/171-12.png,screw,good,good,train
data/defect_images/raw/cable/test/missing_wire/004-66.png,cable,missing_wire,other_defect,train
data/defect_images/raw/transistor/test/good/048-2.png,transistor,good,good,train
data/defect_images/raw/screw/train/good/284-2.png,screw,good,good,train
data/defect_images/raw/screw/train/good/065-12.png,screw,good,good,train
data/defect_images/raw/transistor/train/good/030.png,transistor,good,good,train
data/defect_images/raw/screw/train/good/231-7.png,screw,good,good,train
data/defect_images/raw/cable/train/good/043-11.png,cable,good,good,train
data/defect_images/raw/screw/test/scratch_head/009-85.png,screw,scratch_head,scratch,train
data/defect_images/raw/cable/train/good/050-11.png,cable,good,good,train
data/defect_images/raw/cable/train/good/159-10.png,cable,good,good,train
data/defect_images/raw/metal_nut/train/good/078-4.png,metal_nut,good,good,train
data/defect_images/raw/metal_nut/test/color/013-14.png,metal_nut,color,contamination,train
data/defect_images/raw/screw/test/scratch_head/008-86.png,screw,scratch_head,scratch,train
data/defect_images/raw/transistor/train/good/034.png,transistor,good,good,train
data/defect_images/raw/cable/train/good/154-10.png,cable,good,good,train
data/defect_images/raw/screw/train/good/283-2.png,screw,good,good,train
data/defect_images/raw/cable/test/cut_inner_insulation/005-74.png,cable,cut_inner_insulation,structural_damage,train
data/defect_images/raw/metal_nut/train/good/174-4.png,metal_nut,good,good,train
data/defect_images/raw/metal_nut/train/good/182-4.png,metal_nut,good,good,train
data/defect_images/raw/cable/train/good/191-10.png,cable,good,good,train
data/defect_images/raw/screw/train/good/149-12.png,screw,good,good,train
data/defect_images/raw/screw/test/scratch_head/010-76.png,screw,scratch_head,scratch,train
data/defect_images/raw/metal_nut/test/bent/018-18.png,metal_nut,bent,deformation,train
data/defect_images/raw/screw/train/good/187-12.png,screw,good,good,train
data/defect_images/raw/metal_nut/test/scratch/022-10.png,metal_nut,scratch,scratch,train
data/defect_images/raw/cable/test/good/029-15.png,cable,good,good,train
data/defect_images/raw/cable/train/good/110-10.png,cable,good,good,train
data/defect_images/raw/metal_nut/train/good/151-4.png,metal_nut,good,good,train
data/defect_images/raw/metal_nut/train/good/210-4.png,metal_nut,good,good,train
data/defect_images/raw/transistor/test/good/012-2.png,transistor,good,good,train
data/defect_images/raw/transistor/train/good/144.png,transistor,good,good,train
data/defect_images/raw/screw/test/good/011-73.png,screw,good,good,train
data/defect_images/raw/screw/train/good/066-12.png,screw,good,good,train
data/defect_images/raw/metal_nut/train/good/196-4.png,metal_nut,good,good,train
data/defect_images/raw/transistor/train/good/035.png,transistor,good,good,train
data/defect_images/raw/transistor/train/good/167.png,transistor,good,good,train
data/defect_images/raw/cable/test/cut_outer_insulation/003-67.png,cable,cut_outer_insulation,structural_damage,train
data/defect_images/raw/cable/train/good/125-10.png,cable,good,good,train
data/defect_images/raw/transistor/train/good/112.png,transistor,good,good,train
data/defect_images/raw/cable/train/good/024-19.png,cable,good,good,train
data/defect_images/raw/metal_nut/train/good/021-9.png,metal_nut,good,good,train
data/defect_images/raw/cable/train/good/216-9.png,cable,good,good,train
data/defect_images/raw/screw/train/good/299-2.png,screw,good,good,train
data/defect_images/raw/screw/train/good/238-7.png,screw,good,good,train
data/defect_images/raw/metal_nut/train/good/149-4.png,metal_nut,good,good,train
data/defect_images/raw/screw/train/good/123-12.png,screw,good,good,train
data/defect_images/raw/screw/train/good/017-50.png,screw,good,good,train
data/defect_images/raw/cable/train/good/135-10.png,cable,good,good,train
data/defect_images/raw/metal_nut/train/good/117-4.png,metal_nut,good,good,train
data/defect_images/raw/cable/test/bent_wire/008-71.png,cable,bent_wire,deformation,train
data/defect_images/raw/screw/train/good/278-3.png,screw,good,good,train
data/defect_images/raw/metal_nut/test/scratch/005-24.png,metal_nut,scratch,scratch,train
data/defect_images/raw/cable/train/good/025-17.png,cable,good,good,train
data/defect_images/raw/cable/train/good/184-10.png,cable,good,good,train
data/defect_images/raw/metal_nut/train/good/134-4.png,metal_nut,good,good,train
data/defect_images/raw/screw/test/good/034-16.png,screw,good,good,train
data/defect_images/raw/screw/train/good/087-12.png,screw,good,good,train
data/defect_images/raw/screw/test/scratch_neck/022-31.png,screw,scratch_neck,scratch,train
data/defect_images/raw/screw/train/good/057-14.png,screw,good,good,train
data/defect_images/raw/screw/test/thread_side/016-66.png,screw,thread_side,structural_damage,train
data/defect_images/raw/screw/train/good/258-4.png,screw,good,good,train
data/defect_images/raw/cable/test/good/022-26.png,cable,good,good,train
data/defect_images/raw/cable/test/good/010-59.png,cable,good,good,train
data/defect_images/raw/metal_nut/test/good/012-17.png,metal_nut,good,good,train
data/defect_images/raw/metal_nut/test/scratch/007-24.png,metal_nut,scratch,scratch,train
data/defect_images/raw/cable/train/good/189-10.png,cable,good,good,train
data/defect_images/raw/screw/train/good/022-29.png,screw,good,good,train
data/defect_images/raw/transistor/test/good/019-2.png,transistor,good,good,train
data/defect_images/raw/screw/test/thread_top/021-33.png,screw,thread_top,structural_damage,train
data/defect_images/raw/cable/train/good/190-10.png,cable,good,good,train
data/defect_images/raw/screw/train/good/153-12.png,screw,good,good,train
data/defect_images/raw/transistor/train/good/210.png,transistor,good,good,train
data/defect_images/raw/screw/train/good/292-2.png,screw,good,good,train
data/defect_images/raw/transistor/test/good/009-6.png,transistor,good,good,train
data/defect_images/raw/screw/test/thread_side/017-56.png,screw,thread_side,structural_damage,train
data/defect_images/raw/screw/train/good/217-11.png,screw,good,good,train
data/defect_images/raw/cable/train/good/051-11.png,cable,good,good,train
data/defect_images/raw/screw/train/good/049-14.png,screw,good,good,train
data/defect_images/raw/screw/train/good/147-12.png,screw,good,good,train
data/defect_images/raw/transistor/test/bent_lead/005-4.png,transistor,bent_lead,deformation,train
data/defect_images/raw/transistor/train/good/032.png,transistor,good,good,train
data/defect_images/raw/transistor/test/good/002-6.png,transistor,good,good,train
data/defect_images/raw/cable/train/good/038-12.png,cable,good,good,train
data/defect_images/raw/cable/train/good/026-15.png,cable,good,good,train
data/defect_images/raw/cable/train/good/200-10.png,cable,good,good,train
data/defect_images/raw/screw/test/manipulated_front/017-53.png,screw,manipulated_front,other_defect,train
data/defect_images/raw/transistor/test/bent_lead/000-4.png,transistor,bent_lead,deformation,train
data/defect_images/raw/transistor/train/good/048.png,transistor,good,good,train
data/defect_images/raw/cable/test/missing_cable/002-70.png,cable,missing_cable,other_defect,train
data/defect_images/raw/screw/train/good/008-81.png,screw,good,good,train
data/defect_images/raw/screw/train/good/029-18.png,screw,good,good,train
data/defect_images/raw/cable/test/missing_cable/003-70.png,cable,missing_cable,other_defect,train
data/defect_images/raw/screw/train/good/282-2.png,screw,good,good,train
data/defect_images/raw/screw/test/scratch_head/006-87.png,screw,scratch_head,scratch,train
data/defect_images/raw/metal_nut/train/good/089-4.png,metal_nut,good,good,train
data/defect_images/raw/screw/train/good/110-12.png,screw,good,good,train
data/defect_images/raw/metal_nut/train/good/170-4.png,metal_nut,good,good,train
data/defect_images/raw/cable/train/good/000-65.png,cable,good,good,train
data/defect_images/raw/screw/train/good/142-12.png,screw,good,good,train
data/defect_images/raw/cable/train/good/052-11.png,cable,good,good,train
data/defect_images/raw/screw/train/good/185-12.png,screw,good,good,train
data/defect_images/raw/cable/test/combined/000-73.png,cable,combined,other_defect,train
data/defect_images/raw/transistor/train/good/149.png,transistor,good,good,train
data/defect_images/raw/metal_nut/train/good/129-4.png,metal_nut,good,good,train
data/defect_images/raw/transistor/train/good/095.png,transistor,good,good,train
data/defect_images/raw/cable/train/good/157-10.png,cable,good,good,train
data/defect_images/raw/transistor/train/good/005.png,transistor,good,good,train
data/defect_images/raw/screw/train/good/030-18.png,screw,good,good,train
data/defect_images/raw/cable/test/combined/003-73.png,cable,combined,other_defect,train
data/defect_images/raw/transistor/train/good/043.png,transistor,good,good,train
data/defect_images/raw/screw/train/good/156-12.png,screw,good,good,train
data/defect_images/raw/metal_nut/test/bent/009-25.png,metal_nut,bent,deformation,train
data/defect_images/raw/cable/train/good/019-32.png,cable,good,good,train
data/defect_images/raw/cable/train/good/215-9.png,cable,good,good,train
data/defect_images/raw/screw/train/good/121-12.png,screw,good,good,train
data/defect_images/raw/transistor/test/good/008-6.png,transistor,good,good,train
data/defect_images/raw/screw/train/good/192-12.png,screw,good,good,train
data/defect_images/raw/cable/train/good/073-10.png,cable,good,good,train
data/defect_images/raw/transistor/test/good/036-2.png,transistor,good,good,train
data/defect_images/raw/transistor/test/misplaced/004-3.png,transistor,misplaced,other_defect,train
data/defect_images/raw/cable/test/missing_cable/010-60.png,cable,missing_cable,other_defect,train
data/defect_images/raw/transistor/train/good/190.png,transistor,good,good,train
data/defect_images/raw/metal_nut/test/scratch/011-16.png,metal_nut,scratch,scratch,train
data/defect_images/raw/metal_nut/train/good/019-12.png,metal_nut,good,good,train
data/defect_images/raw/transistor/test/good/034-2.png,transistor,good,good,train
data/defect_images/raw/cable/train/good/178-10.png,cable,good,good,train
data/defect_images/raw/cable/train/good/116-10.png,cable,good,good,train
data/defect_images/raw/cable/train/good/175-10.png,cable,good,good,train
data/defect_images/raw/metal_nut/train/good/108-4.png,metal_nut,good,good,train
data/defect_images/raw/screw/test/good/035-16.png,screw,good,good,train
data/defect_images/raw/metal_nut/train/good/054-5.png,metal_nut,good,good,train
data/defect_images/raw/metal_nut/test/bent/017-18.png,metal_nut,bent,deformation,train
data/defect_images/raw/transistor/train/good/139.png,transistor,good,good,train
data/defect_images/raw/screw/train/good/242-6.png,screw,good,good,train
data/defect_images/raw/metal_nut/train/good/023-5.png,metal_nut,good,good,train
data/defect_images/raw/metal_nut/train/good/143-4.png,metal_nut,good,good,train
data/defect_images/raw/screw/test/thread_top/010-72.png,screw,thread_top,structural_damage,train
data/defect_images/raw/screw/test/thread_side/006-88.png,screw,thread_side,structural_damage,train
data/defect_images/raw/transistor/train/good/162.png,transistor,good,good,train
data/defect_images/raw/screw/train/good/222-9.png,screw,good,good,train
data/defect_images/raw/screw/test/good/002-86.png,screw,good,good,train
data/defect_images/raw/transistor/train/good/028.png,transistor,good,good,train
data/defect_images/raw/transistor/train/good/092.png,transistor,good,good,train
data/defect_images/raw/transistor/test/misplaced/005-3.png,transistor,misplaced,other_defect,train
data/defect_images/raw/cable/test/good/052-12.png,cable,good,good,train
data/defect_images/raw/metal_nut/train/good/109-4.png,metal_nut,good,good,train
data/defect_images/raw/screw/train/good/015-64.png,screw,good,good,train
data/defect_images/raw/metal_nut/train/good/011-13.png,metal_nut,good,good,train
data/defect_images/raw/metal_nut/test/flip/016-15.png,metal_nut,flip,deformation,train
data/defect_images/raw/screw/train/good/221-9.png,screw,good,good,train
data/defect_images/raw/metal_nut/test/flip/009-22.png,metal_nut,flip,deformation,train
data/defect_images/raw/metal_nut/test/scratch/010-17.png,metal_nut,scratch,scratch,train
data/defect_images/raw/screw/train/good/024-23.png,screw,good,good,train
data/defect_images/raw/screw/train/good/105-12.png,screw,good,good,train
data/defect_images/raw/cable/test/missing_wire/009-64.png,cable,missing_wire,other_defect,train
data/defect_images/raw/transistor/train/good/085.png,transistor,good,good,train
data/defect_images/raw/cable/train/good/206-10.png,cable,good,good,train
data/defect_images/raw/screw/train/good/059-13.png,screw,good,good,train
data/defect_images/raw/metal_nut/train/good/034-5.png,metal_nut,good,good,train
data/defect_images/raw/transistor/train/good/045.png,transistor,good,good,train
data/defect_images/raw/metal_nut/train/good/043-5.png,metal_nut,good,good,train
data/defect_images/raw/metal_nut/train/good/110-4.png,metal_nut,good,good,train
data/defect_images/raw/metal_nut/train/good/202-4.png,metal_nut,good,good,train
data/defect_images/raw/screw/train/good/026-19.png,screw,good,good,train
data/defect_images/raw/screw/train/good/095-12.png,screw,good,good,train
data/defect_images/raw/cable/test/good/049-12.png,cable,good,good,train
data/defect_images/raw/cable/train/good/048-11.png,cable,good,good,train
data/defect_images/raw/cable/test/bent_wire/012-58.png,cable,bent_wire,deformation,train
data/defect_images/raw/cable/train/good/193-10.png,cable,good,good,train
data/defect_images/raw/screw/train/good/035-15.png,screw,good,good,train
data/defect_images/raw/screw/train/good/038-15.png,screw,good,good,train
data/defect_images/raw/metal_nut/train/good/010-14.png,metal_nut,good,good,train
data/defect_images/raw/screw/train/good/254-4.png,screw,good,good,train
data/defect_images/raw/cable/train/good/124-10.png,cable,good,good,train
data/defect_images/raw/metal_nut/test/scratch/019-15.png,metal_nut,scratch,scratch,train
data/defect_images/raw/screw/train/good/112-12.png,screw,good,good,train
data/defect_images/raw/metal_nut/train/good/187-4.png,metal_nut,good,good,train
data/defect_images/raw/screw/train/good/071-12.png,screw,good,good,train
data/defect_images/raw/metal_nut/train/good/073-4.png,metal_nut,good,good,train
data/defect_images/raw/metal_nut/train/good/106-4.png,metal_nut,good,good,train
data/defect_images/raw/transistor/train/good/020.png,transistor,good,good,train
data/defect_images/raw/cable/train/good/210-10.png,cable,good,good,train
data/defect_images/raw/cable/train/good/028-14.png,cable,good,good,train
data/defect_images/raw/cable/train/good/212-10.png,cable,good,good,train
data/defect_images/raw/cable/test/missing_cable/000-70.png,cable,missing_cable,other_defect,train
data/defect_images/raw/screw/test/thread_side/003-88.png,screw,thread_side,structural_damage,train
data/defect_images/raw/screw/train/good/194-12.png,screw,good,good,train
data/defect_images/raw/screw/train/good/128-12.png,screw,good,good,train
data/defect_images/raw/transistor/train/good/064.png,transistor,good,good,train
data/defect_images/raw/metal_nut/train/good/039-5.png,metal_nut,good,good,train
data/defect_images/raw/transistor/train/good/142.png,transistor,good,good,train
data/defect_images/raw/cable/test/missing_wire/008-65.png,cable,missing_wire,other_defect,train
data/defect_images/raw/cable/test/cut_inner_insulation/000-74.png,cable,cut_inner_insulation,structural_damage,train
data/defect_images/raw/cable/train/good/134-10.png,cable,good,good,train
data/defect_images/raw/cable/train/good/177-10.png,cable,good,good,train
data/defect_images/raw/cable/test/good/027-16.png,cable,good,good,train
data/defect_images/raw/screw/train/good/159-12.png,screw,good,good,train
data/defect_images/raw/cable/train/good/198-10.png,cable,good,good,train
data/defect_images/raw/metal_nut/test/scratch/013-16.png,metal_nut,scratch,scratch,train
data/defect_images/raw/cable/train/good/090-10.png,cable,good,good,train
data/defect_images/raw/metal_nut/train/good/048-5.png,metal_nut,good,good,train
data/defect_images/raw/transistor/train/good/199.png,transistor,good,good,train
data/defect_images/raw/metal_nut/train/good/007-21.png,metal_nut,good,good,train
data/defect_images/raw/metal_nut/test/scratch/020-14.png,metal_nut,scratch,scratch,train
data/defect_images/raw/cable/train/good/035-12.png,cable,good,good,train
data/defect_images/raw/metal_nut/train/good/105-4.png,metal_nut,good,good,train
data/defect_images/raw/metal_nut/test/color/021-10.png,metal_nut,color,contamination,train
data/defect_images/raw/transistor/test/good/022-2.png,transistor,good,good,train
data/defect_images/raw/metal_nut/train/good/001-21.png,metal_nut,good,good,train
data/defect_images/raw/transistor/test/damaged_case/000-2.png,transistor,damaged_case,structural_damage,train
data/defect_images/raw/cable/train/good/217-9.png,cable,good,good,train
data/defect_images/raw/transistor/test/cut_lead/009-5.png,transistor,cut_lead,structural_damage,train
data/defect_images/raw/transistor/train/good/127.png,transistor,good,good,train
data/defect_images/raw/screw/train/good/117-12.png,screw,good,good,train
data/defect_images/raw/transistor/train/good/033.png,transistor,good,good,train
data/defect_images/raw/metal_nut/train/good/079-4.png,metal_nut,good,good,train
data/defect_images/raw/screw/train/good/125-12.png,screw,good,good,train
data/defect_images/raw/cable/test/cut_outer_insulation/004-67.png,cable,cut_outer_insulation,structural_damage,train
data/defect_images/raw/transistor/train/good/153.png,transistor,good,good,train
data/defect_images/raw/metal_nut/test/color/020-12.png,metal_nut,color,contamination,train
data/defect_images/raw/cable/train/good/032-13.png,cable,good,good,train
data/defect_images/raw/metal_nut/train/good/051-5.png,metal_nut,good,good,train
data/defect_images/raw/cable/test/good/054-12.png,cable,good,good,train
data/defect_images/raw/transistor/train/good/208.png,transistor,good,good,train
data/defect_images/raw/cable/train/good/107-10.png,cable,good,good,train
data/defect_images/raw/transistor/train/good/002.png,transistor,good,good,train
data/defect_images/raw/cable/test/cut_inner_insulation/012-59.png,cable,cut_inner_insulation,structural_damage,train
data/defect_images/raw/metal_nut/train/good/092-4.png,metal_nut,good,good,train
data/defect_images/raw/screw/train/good/069-12.png,screw,good,good,train
data/defect_images/raw/transistor/test/good/047-2.png,transistor,good,good,train
data/defect_images/raw/transistor/test/good/021-2.png,transistor,good,good,train
data/defect_images/raw/metal_nut/train/good/017-13.png,metal_nut,good,good,train
data/defect_images/raw/cable/test/poke_insulation/004-71.png,cable,poke_insulation,structural_damage,train
data/defect_images/raw/screw/test/thread_side/019-42.png,screw,thread_side,structural_damage,train
data/defect_images/raw/screw/train/good/157-12.png,screw,good,good,train
data/defect_images/raw/metal_nut/train/good/002-21.png,metal_nut,good,good,train
data/defect_images/raw/screw/train/good/209-12.png,screw,good,good,train
data/defect_images/raw/screw/train/good/304-2.png,screw,good,good,train
data/defect_images/raw/metal_nut/train/good/029-5.png,metal_nut,good,good,train
data/defect_images/raw/screw/test/thread_side/001-88.png,screw,thread_side,structural_damage,train
data/defect_images/raw/transistor/train/good/185.png,transistor,good,good,train
data/defect_images/raw/screw/test/thread_side/014-71.png,screw,thread_side,structural_damage,train
data/defect_images/raw/metal_nut/train/good/071-4.png,metal_nut,good,good,train
data/defect_images/raw/cable/test/cable_swap/003-68.png,cable,cable_swap,other_defect,train
data/defect_images/raw/metal_nut/test/flip/011-15.png,metal_nut,flip,deformation,train
data/defect_images/raw/transistor/train/good/066.png,transistor,good,good,train
data/defect_images/raw/screw/train/good/070-12.png,screw,good,good,train
data/defect_images/raw/metal_nut/train/good/126-4.png,metal_nut,good,good,train
data/defect_images/raw/cable/test/bent_wire/011-60.png,cable,bent_wire,deformation,train
data/defect_images/raw/cable/test/missing_wire/005-66.png,cable,missing_wire,other_defect,train
data/defect_images/raw/transistor/test/misplaced/008-3.png,transistor,misplaced,other_defect,train
data/defect_images/raw/screw/test/manipulated_front/015-67.png,screw,manipulated_front,other_defect,train
data/defect_images/raw/metal_nut/test/flip/001-23.png,metal_nut,flip,deformation,train
data/defect_images/raw/transistor/train/good/155.png,transistor,good,good,train
data/defect_images/raw/transistor/train/good/182.png,transistor,good,good,train
data/defect_images/raw/transistor/train/good/065.png,transistor,good,good,train
data/defect_images/raw/metal_nut/train/good/045-5.png,metal_nut,good,good,train
data/defect_images/raw/cable/test/combined/004-73.png,cable,combined,other_defect,train
data/defect_images/raw/metal_nut/train/good/085-4.png,metal_nut,good,good,train
data/defect_images/raw/cable/test/cable_swap/006-68.png,cable,cable_swap,other_defect,train
data/defect_images/raw/transistor/train/good/018.png,transistor,good,good,train
data/defect_images/raw/transistor/train/good/204.png,transistor,good,good,train
data/defect_images/raw/metal_nut/train/good/208-4.png,metal_nut,good,good,train
data/defect_images/raw/metal_nut/train/good/064-4.png,metal_nut,good,good,train
data/defect_images/raw/cable/test/good/023-21.png,cable,good,good,train
data/defect_images/raw/metal_nut/test/color/008-21.png,metal_nut,color,contamination,train
data/defect_images/raw/screw/train/good/146-12.png,screw,good,good,train
data/defect_images/raw/metal_nut/test/bent/004-26.png,metal_nut,bent,deformation,train
data/defect_images/raw/metal_nut/train/good/217-3.png,metal_nut,good,good,train
data/defect_images/raw/metal_nut/train/good/056-5.png,metal_nut,good,good,train
data/defect_images/raw/transistor/train/good/177.png,transistor,good,good,train
data/defect_images/raw/screw/test/scratch_head/015-69.png,screw,scratch_head,scratch,train
data/defect_images/raw/cable/test/good/000-69.png,cable,good,good,train
data/defect_images/raw/cable/train/good/115-10.png,cable,good,good,train
data/defect_images/raw/screw/test/thread_side/011-75.png,screw,thread_side,structural_damage,train
data/defect_images/raw/metal_nut/test/flip/018-15.png,metal_nut,flip,deformation,train
data/defect_images/raw/transistor/train/good/202.png,transistor,good,good,train
data/defect_images/raw/cable/train/good/002-65.png,cable,good,good,train
data/defect_images/raw/cable/test/good/024-20.png,cable,good,good,train
data/defect_images/raw/metal_nut/train/good/000-21.png,metal_nut,good,good,train
data/defect_images/raw/metal_nut/test/good/015-17.png,metal_nut,good,good,train
data/defect_images/raw/metal_nut/train/good/122-4.png,metal_nut,good,good,train
data/defect_images/raw/screw/test/thread_side/007-88.png,screw,thread_side,structural_damage,train
data/defect_images/raw/metal_nut/train/good/183-4.png,metal_nut,good,good,train
data/defect_images/raw/screw/train/good/180-12.png,screw,good,good,train
data/defect_images/raw/metal_nut/train/good/030-5.png,metal_nut,good,good,train
data/defect_images/raw/metal_nut/test/good/008-24.png,metal_nut,good,good,train
data/defect_images/raw/screw/test/thread_side/020-41.png,screw,thread_side,structural_damage,train
data/defect_images/raw/metal_nut/test/color/017-14.png,metal_nut,color,contamination,train
data/defect_images/raw/screw/train/good/039-15.png,screw,good,good,train
data/defect_images/raw/metal_nut/train/good/022-8.png,metal_nut,good,good,train
data/defect_images/raw/cable/test/combined/002-73.png,cable,combined,other_defect,train
data/defect_images/raw/cable/test/bent_wire/003-72.png,cable,bent_wire,deformation,train
data/defect_images/raw/cable/test/good/020-32.png,cable,good,good,train
data/defect_images/raw/cable/test/combined/005-73.png,cable,combined,other_defect,train
data/defect_images/raw/screw/train/good/314-2.png,screw,good,good,train
data/defect_images/raw/screw/train/good/220-9.png,screw,good,good,train
data/defect_images/raw/metal_nut/train/good/084-4.png,metal_nut,good,good,train
data/defect_images/raw/metal_nut/test/flip/003-23.png,metal_nut,flip,deformation,test
data/defect_images/raw/screw/test/scratch_neck/005-84.png,screw,scratch_neck,scratch,test
data/defect_images/raw/screw/train/good/301-2.png,screw,good,good,test
data/defect_images/raw/transistor/train/good/169.png,transistor,good,good,test
data/defect_images/raw/metal_nut/train/good/155-4.png,metal_nut,good,good,test
data/defect_images/raw/metal_nut/train/good/103-4.png,metal_nut,good,good,test
data/defect_images/raw/metal_nut/train/good/216-3.png,metal_nut,good,good,test
data/defect_images/raw/screw/train/good/315-2.png,screw,good,good,test
data/defect_images/raw/transistor/train/good/003.png,transistor,good,good,test
data/defect_images/raw/cable/train/good/104-10.png,cable,good,good,test
data/defect_images/raw/screw/train/good/288-2.png,screw,good,good,test
data/defect_images/raw/screw/train/good/047-14.png,screw,good,good,test
data/defect_images/raw/transistor/train/good/069.png,transistor,good,good,test
data/defect_images/raw/transistor/test/good/010-2.png,transistor,good,good,test
data/defect_images/raw/screw/test/thread_top/001-83.png,screw,thread_top,structural_damage,test
data/defect_images/raw/cable/train/good/076-10.png,cable,good,good,test
data/defect_images/raw/metal_nut/train/good/148-4.png,metal_nut,good,good,test
data/defect_images/raw/screw/train/good/133-12.png,screw,good,good,test
data/defect_images/raw/cable/test/missing_wire/000-66.png,cable,missing_wire,other_defect,test
data/defect_images/raw/cable/test/cut_outer_insulation/006-67.png,cable,cut_outer_insulation,structural_damage,test
data/defect_images/raw/screw/train/good/239-7.png,screw,good,good,test
data/defect_images/raw/screw/train/good/227-8.png,screw,good,good,test
data/defect_images/raw/metal_nut/train/good/133-4.png,metal_nut,good,good,test
data/defect_images/raw/cable/test/good/026-16.png,cable,good,good,test
data/defect_images/raw/metal_nut/test/flip/019-14.png,metal_nut,flip,deformation,test
data/defect_images/raw/cable/test/good/048-12.png,cable,good,good,test
data/defect_images/raw/transistor/train/good/158.png,transistor,good,good,test
data/defect_images/raw/screw/test/manipulated_front/023-26.png,screw,manipulated_front,other_defect,test
data/defect_images/raw/screw/train/good/306-2.png,screw,good,good,test
data/defect_images/raw/screw/train/good/219-10.png,screw,good,good,test
data/defect_images/raw/metal_nut/train/good/176-4.png,metal_nut,good,good,test
data/defect_images/raw/transistor/train/good/090.png,transistor,good,good,test
data/defect_images/raw/cable/train/good/171-10.png,cable,good,good,test
data/defect_images/raw/metal_nut/train/good/049-5.png,metal_nut,good,good,test
data/defect_images/raw/cable/train/good/084-10.png,cable,good,good,test
data/defect_images/raw/transistor/train/good/031.png,transistor,good,good,test
data/defect_images/raw/cable/test/cable_swap/000-68.png,cable,cable_swap,other_defect,test
data/defect_images/raw/cable/test/good/001-69.png,cable,good,good,test
data/defect_images/raw/metal_nut/train/good/172-4.png,metal_nut,good,good,test
data/defect_images/raw/screw/train/good/140-12.png,screw,good,good,test
data/defect_images/raw/screw/train/good/160-12.png,screw,good,good,test
data/defect_images/raw/transistor/train/good/015.png,transistor,good,good,test
data/defect_images/raw/screw/train/good/184-12.png,screw,good,good,test
data/defect_images/raw/screw/test/scratch_neck/006-84.png,screw,scratch_neck,scratch,test
data/defect_images/raw/screw/train/good/179-12.png,screw,good,good,test
data/defect_images/raw/cable/train/good/136-10.png,cable,good,good,test
data/defect_images/raw/cable/train/good/122-10.png,cable,good,good,test
data/defect_images/raw/screw/train/good/289-2.png,screw,good,good,test
data/defect_images/raw/screw/train/good/298-2.png,screw,good,good,test
data/defect_images/raw/cable/test/cut_inner_insulation/011-61.png,cable,cut_inner_insulation,structural_damage,test
data/defect_images/raw/transistor/test/damaged_case/007-2.png,transistor,damaged_case,structural_damage,test
data/defect_images/raw/screw/test/manipulated_front/022-32.png,screw,manipulated_front,other_defect,test
data/defect_images/raw/screw/test/thread_top/004-83.png,screw,thread_top,structural_damage,test
data/defect_images/raw/screw/test/good/038-16.png,screw,good,good,test
data/defect_images/raw/metal_nut/train/good/074-4.png,metal_nut,good,good,test
data/defect_images/raw/cable/train/good/040-11.png,cable,good,good,test
data/defect_images/raw/screw/train/good/262-4.png,screw,good,good,test
data/defect_images/raw/transistor/test/good/044-2.png,transistor,good,good,test
data/defect_images/raw/screw/train/good/009-80.png,screw,good,good,test
data/defect_images/raw/transistor/train/good/141.png,transistor,good,good,test
data/defect_images/raw/transistor/train/good/111.png,transistor,good,good,test
data/defect_images/raw/transistor/train/good/091.png,transistor,good,good,test
data/defect_images/raw/screw/train/good/245-5.png,screw,good,good,test
data/defect_images/raw/cable/train/good/117-10.png,cable,good,good,test
data/defect_images/raw/metal_nut/train/good/070-4.png,metal_nut,good,good,test
data/defect_images/raw/screw/train/good/120-12.png,screw,good,good,test
data/defect_images/raw/transistor/train/good/087.png,transistor,good,good,test
data/defect_images/raw/cable/train/good/092-10.png,cable,good,good,test
data/defect_images/raw/transistor/train/good/070.png,transistor,good,good,test
data/defect_images/raw/transistor/train/good/187.png,transistor,good,good,test
data/defect_images/raw/metal_nut/train/good/009-20.png,metal_nut,good,good,test
data/defect_images/raw/cable/test/poke_insulation/007-71.png,cable,poke_insulation,structural_damage,test
data/defect_images/raw/screw/test/scratch_head/002-87.png,screw,scratch_head,scratch,test
data/defect_images/raw/transistor/train/good/011.png,transistor,good,good,test
data/defect_images/raw/transistor/test/cut_lead/002-5.png,transistor,cut_lead,structural_damage,test
data/defect_images/raw/cable/train/good/132-10.png,cable,good,good,test
data/defect_images/raw/screw/train/good/161-12.png,screw,good,good,test
data/defect_images/raw/metal_nut/test/flip/010-16.png,metal_nut,flip,deformation,test
data/defect_images/raw/screw/test/scratch_neck/010-73.png,screw,scratch_neck,scratch,test
data/defect_images/raw/cable/train/good/218-9.png,cable,good,good,test
data/defect_images/raw/screw/test/good/026-20.png,screw,good,good,test
data/defect_images/raw/screw/train/good/041-14.png,screw,good,good,test
data/defect_images/raw/metal_nut/test/flip/022-9.png,metal_nut,flip,deformation,test
data/defect_images/raw/metal_nut/train/good/016-13.png,metal_nut,good,good,test
data/defect_images/raw/transistor/train/good/083.png,transistor,good,good,test
data/defect_images/raw/metal_nut/train/good/213-3.png,metal_nut,good,good,test
data/defect_images/raw/screw/train/good/094-12.png,screw,good,good,test
data/defect_images/raw/screw/train/good/134-12.png,screw,good,good,test
data/defect_images/raw/transistor/test/misplaced/007-3.png,transistor,misplaced,other_defect,test
data/defect_images/raw/screw/train/good/183-12.png,screw,good,good,test
data/defect_images/raw/screw/test/thread_side/012-73.png,screw,thread_side,structural_damage,test
data/defect_images/raw/transistor/train/good/168.png,transistor,good,good,test
data/defect_images/raw/screw/test/scratch_neck/016-62.png,screw,scratch_neck,scratch,test
data/defect_images/raw/transistor/test/good/028-2.png,transistor,good,good,test
data/defect_images/raw/metal_nut/test/color/007-22.png,metal_nut,color,contamination,test
data/defect_images/raw/transistor/train/good/075.png,transistor,good,good,test
data/defect_images/raw/metal_nut/train/good/080-4.png,metal_nut,good,good,test
data/defect_images/raw/metal_nut/train/good/166-4.png,metal_nut,good,good,test
data/defect_images/raw/cable/train/good/066-10.png,cable,good,good,test
data/defect_images/raw/transistor/test/cut_lead/006-5.png,transistor,cut_lead,structural_damage,test
data/defect_images/raw/cable/test/cut_outer_insulation/001-67.png,cable,cut_outer_insulation,structural_damage,test
data/defect_images/raw/screw/train/good/004-82.png,screw,good,good,test
data/defect_images/raw/transistor/train/good/183.png,transistor,good,good,test
data/defect_images/raw/cable/train/good/168-10.png,cable,good,good,test
data/defect_images/raw/transistor/test/good/030-2.png,transistor,good,good,test
data/defect_images/raw/screw/train/good/098-12.png,screw,good,good,test
data/defect_images/raw/transistor/train/good/106.png,transistor,good,good,test
data/defect_images/raw/screw/test/scratch_neck/012-69.png,screw,scratch_neck,scratch,test
data/defect_images/raw/screw/test/scratch_neck/014-67.png,screw,scratch_neck,scratch,test
data/defect_images/raw/screw/train/good/318-2.png,screw,good,good,test
data/defect_images/raw/transistor/train/good/074.png,transistor,good,good,test
data/defect_images/raw/screw/train/good/058-13.png,screw,good,good,test
data/defect_images/raw/screw/train/good/119-12.png,screw,good,good,test
data/defect_images/raw/metal_nut/test/flip/005-23.png,metal_nut,flip,deformation,test
data/defect_images/raw/cable/train/good/006-65.png,cable,good,good,test
data/defect_images/raw/metal_nut/test/bent/014-18.png,metal_nut,bent,deformation,test
data/defect_images/raw/metal_nut/test/scratch/009-23.png,metal_nut,scratch,scratch,test
data/defect_images/raw/screw/train/good/097-12.png,screw,good,good,test
data/defect_images/raw/cable/train/good/045-11.png,cable,good,good,test
data/defect_images/raw/cable/test/good/036-13.png,cable,good,good,test
data/defect_images/raw/transistor/test/good/006-6.png,transistor,good,good,test
data/defect_images/raw/transistor/train/good/042.png,transistor,good,good,test
data/defect_images/raw/screw/test/manipulated_front/001-85.png,screw,manipulated_front,other_defect,test
data/defect_images/raw/metal_nut/test/scratch/016-16.png,metal_nut,scratch,scratch,test
data/defect_images/raw/metal_nut/test/bent/002-26.png,metal_nut,bent,deformation,test
data/defect_images/raw/metal_nut/train/good/093-4.png,metal_nut,good,good,test
data/defect_images/raw/metal_nut/test/bent/013-18.png,metal_nut,bent,deformation,test
data/defect_images/raw/transistor/train/good/131.png,transistor,good,good,test
data/defect_images/raw/metal_nut/test/flip/020-13.png,metal_nut,flip,deformation,test
data/defect_images/raw/screw/train/good/214-11.png,screw,good,good,test
data/defect_images/raw/transistor/train/good/014.png,transistor,good,good,test
data/defect_images/raw/transistor/train/good/009.png,transistor,good,good,test
data/defect_images/raw/cable/test/bent_wire/001-72.png,cable,bent_wire,deformation,test
data/defect_images/raw/metal_nut/test/flip/008-22.png,metal_nut,flip,deformation,test
data/defect_images/raw/screw/train/good/088-12.png,screw,good,good,test
data/defect_images/raw/metal_nut/test/good/019-16.png,metal_nut,good,good,test
data/defect_images/raw/screw/train/good/012-67.png,screw,good,good,test
data/defect_images/raw/cable/train/good/037-12.png,cable,good,good,test
data/defect_images/raw/transistor/train/good/184.png,transistor,good,good,test
data/defect_images/raw/cable/test/good/040-12.png,cable,good,good,test
data/defect_images/raw/cable/train/good/091-10.png,cable,good,good,test
data/defect_images/raw/transistor/test/good/011-2.png,transistor,good,good,test
data/defect_images/raw/metal_nut/test/good/011-17.png,metal_nut,good,good,test
data/defect_images/raw/screw/train/good/077-12.png,screw,good,good,test
data/defect_images/raw/cable/test/cut_inner_insulation/009-72.png,cable,cut_inner_insulation,structural_damage,test
data/defect_images/raw/cable/train/good/057-11.png,cable,good,good,test
data/defect_images/raw/transistor/train/good/193.png,transistor,good,good,test
data/defect_images/raw/transistor/test/good/045-2.png,transistor,good,good,test
data/defect_images/raw/cable/test/cut_outer_insulation/002-67.png,cable,cut_outer_insulation,structural_damage,test
data/defect_images/raw/cable/train/good/161-10.png,cable,good,good,test
data/defect_images/raw/cable/test/combined/007-73.png,cable,combined,other_defect,test
data/defect_images/raw/transistor/train/good/134.png,transistor,good,good,test
data/defect_images/raw/metal_nut/train/good/081-4.png,metal_nut,good,good,test
data/defect_images/raw/screw/test/thread_top/012-68.png,screw,thread_top,structural_damage,test
data/defect_images/raw/transistor/test/cut_lead/000-5.png,transistor,cut_lead,structural_damage,test
data/defect_images/raw/cable/test/cut_outer_insulation/000-67.png,cable,cut_outer_insulation,structural_damage,test
data/defect_images/raw/cable/train/good/221-7.png,cable,good,good,test
data/defect_images/raw/metal_nut/train/good/060-4.png,metal_nut,good,good,test
data/defect_images/raw/cable/test/good/050-12.png,cable,good,good,test
data/defect_images/raw/metal_nut/train/good/159-4.png,metal_nut,good,good,test
data/defect_images/raw/cable/train/good/187-10.png,cable,good,good,test
data/defect_images/raw/metal_nut/train/good/044-5.png,metal_nut,good,good,test
data/defect_images/raw/metal_nut/test/good/006-25.png,metal_nut,good,good,test
data/defect_images/raw/transistor/train/good/156.png,transistor,good,good,test
data/defect_images/raw/screw/test/thread_top/014-66.png,screw,thread_top,structural_damage,test
data/defect_images/raw/transistor/train/good/060.png,transistor,good,good,test
data/defect_images/raw/screw/test/scratch_head/012-72.png,screw,scratch_head,scratch,test
data/defect_images/raw/screw/train/good/305-2.png,screw,good,good,test
data/defect_images/raw/metal_nut/train/good/184-4.png,metal_nut,good,good,test
data/defect_images/raw/metal_nut/test/good/001-25.png,metal_nut,good,good,test
data/defect_images/raw/cable/train/good/149-10.png,cable,good,good,test
data/defect_images/raw/transistor/train/good/189.png,transistor,good,good,test
data/defect_images/raw/screw/test/good/032-17.png,screw,good,good,test
data/defect_images/raw/transistor/train/good/197.png,transistor,good,good,test
data/defect_images/raw/transistor/train/good/080.png,transistor,good,good,test
data/defect_images/raw/metal_nut/train/good/096-4.png,metal_nut,good,good,test
data/defect_images/raw/cable/test/good/016-52.png,cable,good,good,test
data/defect_images/raw/transistor/test/bent_lead/002-4.png,transistor,bent_lead,deformation,test
data/defect_images/raw/metal_nut/test/color/010-15.png,metal_nut,color,contamination,test
data/defect_images/raw/metal_nut/test/color/006-22.png,metal_nut,color,contamination,test
data/defect_images/raw/metal_nut/test/scratch/000-24.png,metal_nut,scratch,scratch,test
data/defect_images/raw/metal_nut/train/good/102-4.png,metal_nut,good,good,test
data/defect_images/raw/transistor/train/good/172.png,transistor,good,good,test
data/defect_images/raw/transistor/train/good/194.png,transistor,good,good,test
data/defect_images/raw/transistor/train/good/136.png,transistor,good,good,test
data/defect_images/raw/metal_nut/test/bent/008-25.png,metal_nut,bent,deformation,test
data/defect_images/raw/metal_nut/train/good/205-4.png,metal_nut,good,good,test
data/defect_images/raw/cable/train/good/204-10.png,cable,good,good,test
data/defect_images/raw/screw/train/good/256-4.png,screw,good,good,test
data/defect_images/raw/transistor/test/good/043-2.png,transistor,good,good,test
data/defect_images/raw/metal_nut/train/good/095-4.png,metal_nut,good,good,test
data/defect_images/raw/screw/test/scratch_neck/023-25.png,screw,scratch_neck,scratch,test
data/defect_images/raw/transistor/train/good/150.png,transistor,good,good,test
data/defect_images/raw/metal_nut/train/good/192-4.png,metal_nut,good,good,test
data/defect_images/raw/cable/train/good/054-11.png,cable,good,good,test
data/defect_images/raw/cable/test/missing_wire/002-66.png,cable,missing_wire,other_defect,test
data/defect_images/raw/transistor/train/good/093.png,transistor,good,good,test
data/defect_images/raw/screw/train/good/000-82.png,screw,good,good,test
data/defect_images/raw/transistor/test/good/032-2.png,transistor,good,good,test
data/defect_images/raw/metal_nut/train/good/018-13.png,metal_nut,good,good,test
data/defect_images/raw/transistor/test/damaged_case/005-2.png,transistor,damaged_case,structural_damage,test
data/defect_images/raw/metal_nut/train/good/137-4.png,metal_nut,good,good,test
data/defect_images/raw/transistor/train/good/027.png,transistor,good,good,test
data/defect_images/raw/cable/test/combined/010-62.png,cable,combined,other_defect,test
data/defect_images/raw/screw/train/good/144-12.png,screw,good,good,test
data/defect_images/raw/screw/train/good/083-12.png,screw,good,good,test
data/defect_images/raw/transistor/train/good/104.png,transistor,good,good,test
data/defect_images/raw/cable/test/good/008-68.png,cable,good,good,test
data/defect_images/raw/cable/test/good/021-29.png,cable,good,good,test
data/defect_images/raw/screw/train/good/116-12.png,screw,good,good,test
data/defect_images/raw/cable/train/good/069-10.png,cable,good,good,test
data/defect_images/raw/transistor/test/good/042-2.png,transistor,good,good,test
data/defect_images/raw/cable/train/good/133-10.png,cable,good,good,test
data/defect_images/raw/cable/test/good/032-14.png,cable,good,good,test
data/defect_images/raw/metal_nut/train/good/198-4.png,metal_nut,good,good,test
data/defect_images/raw/screw/train/good/076-12.png,screw,good,good,test
data/defect_images/raw/transistor/train/good/176.png,transistor,good,good,test
data/defect_images/raw/cable/train/good/085-10.png,cable,good,good,test
data/defect_images/raw/cable/train/good/197-10.png,cable,good,good,test
data/defect_images/raw/metal_nut/test/good/000-25.png,metal_nut,good,good,test
data/defect_images/raw/transistor/train/good/126.png,transistor,good,good,test
data/defect_images/raw/screw/train/good/230-7.png,screw,good,good,test
data/defect_images/raw/screw/train/good/062-12.png,screw,good,good,test
data/defect_images/raw/screw/train/good/193-12.png,screw,good,good,test
data/defect_images/raw/screw/train/good/154-12.png,screw,good,good,test
data/defect_images/raw/screw/train/good/229-8.png,screw,good,good,test
data/defect_images/raw/metal_nut/train/good/165-4.png,metal_nut,good,good,test
data/defect_images/raw/transistor/train/good/056.png,transistor,good,good,test
data/defect_images/raw/metal_nut/train/good/180-4.png,metal_nut,good,good,test
data/defect_images/raw/cable/test/cut_inner_insulation/007-74.png,cable,cut_inner_insulation,structural_damage,test
data/defect_images/raw/screw/train/good/312-2.png,screw,good,good,test
data/defect_images/raw/transistor/train/good/125.png,transistor,good,good,test
data/defect_images/raw/transistor/train/good/117.png,transistor,good,good,test
data/defect_images/raw/transistor/train/good/101.png,transistor,good,good,test
data/defect_images/raw/transistor/train/good/166.png,transistor,good,good,test
data/defect_images/raw/screw/test/thread_top/013-67.png,screw,thread_top,structural_damage,test
data/defect_images/raw/metal_nut/train/good/075-4.png,metal_nut,good,good,test
data/defect_images/raw/screw/train/good/075-12.png,screw,good,good,test
data/defect_images/raw/screw/train/good/014-65.png,screw,good,good,test
data/defect_images/raw/cable/train/good/088-10.png,cable,good,good,test
data/defect_images/raw/screw/train/good/317-2.png,screw,good,good,test
data/defect_images/raw/screw/train/good/232-7.png,screw,good,good,test
data/defect_images/raw/cable/train/good/172-10.png,cable,good,good,test
data/defect_images/raw/metal_nut/test/bent/001-26.png,metal_nut,bent,deformation,test
data/defect_images/raw/screw/train/good/186-12.png,screw,good,good,test
data/defect_images/raw/cable/test/missing_cable/009-68.png,cable,missing_cable,other_defect,test
data/defect_images/raw/cable/train/good/053-11.png,cable,good,good,test
data/defect_images/raw/transistor/train/good/071.png,transistor,good,good,test
data/defect_images/raw/metal_nut/test/flip/021-11.png,metal_nut,flip,deformation,test
data/defect_images/raw/cable/train/good/093-10.png,cable,good,good,test
data/defect_images/raw/transistor/train/good/067.png,transistor,good,good,test
data/defect_images/raw/screw/train/good/067-12.png,screw,good,good,test
data/defect_images/raw/screw/test/scratch_head/022-34.png,screw,scratch_head,scratch,test
data/defect_images/raw/cable/train/good/148-10.png,cable,good,good,test
data/defect_images/raw/transistor/train/good/072.png,transistor,good,good,test
data/defect_images/raw/cable/test/good/053-12.png,cable,good,good,test
data/defect_images/raw/cable/test/missing_cable/005-70.png,cable,missing_cable,other_defect,test
data/defect_images/raw/transistor/train/good/012.png,transistor,good,good,test
data/defect_images/raw/screw/train/good/118-12.png,screw,good,good,test
data/defect_images/raw/metal_nut/train/good/033-5.png,metal_nut,good,good,test
data/defect_images/raw/screw/train/good/043-14.png,screw,good,good,test
data/defect_images/raw/screw/train/good/177-12.png,screw,good,good,test
data/defect_images/raw/screw/train/good/201-12.png,screw,good,good,test
data/defect_images/raw/screw/train/good/263-4.png,screw,good,good,test
data/defect_images/raw/screw/test/good/039-16.png,screw,good,good,test
data/defect_images/raw/screw/train/good/115-12.png,screw,good,good,test
data/defect_images/raw/transistor/train/good/036.png,transistor,good,good,test
data/defect_images/raw/metal_nut/train/good/068-4.png,metal_nut,good,good,test
data/defect_images/raw/transistor/train/good/212.png,transistor,good,good,test
data/defect_images/raw/screw/train/good/268-3.png,screw,good,good,test
data/defect_images/raw/screw/test/scratch_neck/003-84.png,screw,scratch_neck,scratch,test
data/defect_images/raw/cable/test/good/017-43.png,cable,good,good,test
data/defect_images/raw/screw/train/good/099-12.png,screw,good,good,test
data/defect_images/raw/transistor/test/damaged_case/009-2.png,transistor,damaged_case,structural_damage,test
data/defect_images/raw/metal_nut/test/scratch/001-24.png,metal_nut,scratch,scratch,test
data/defect_images/raw/cable/train/good/094-10.png,cable,good,good,test
data/defect_images/raw/screw/train/good/021-32.png,screw,good,good,test
data/defect_images/raw/transistor/train/good/122.png,transistor,good,good,test
data/defect_images/raw/cable/train/good/167-10.png,cable,good,good,test
data/defect_images/raw/screw/train/good/164-12.png,screw,good,good,test
data/defect_images/raw/transistor/train/good/116.png,transistor,good,good,test
data/defect_images/raw/cable/train/good/129-10.png,cable,good,good,test
data/defect_images/raw/metal_nut/train/good/087-4.png,metal_nut,good,good,test
data/defect_images/raw/cable/train/good/096-10.png,cable,good,good,test
data/defect_images/raw/screw/test/good/016-64.png,screw,good,good,test
data/defect_images/raw/cable/test/combined/006-73.png,cable,combined,other_defect,test
data/defect_images/raw/metal_nut/test/good/005-25.png,metal_nut,good,good,test
data/defect_images/raw/cable/test/good/035-13.png,cable,good,good,test
data/defect_images/raw/metal_nut/train/good/185-4.png,metal_nut,good,good,test
data/defect_images/raw/screw/train/good/234-7.png,screw,good,good,test
data/defect_images/raw/metal_nut/train/good/013-13.png,metal_nut,good,good,test
data/defect_images/raw/metal_nut/train/good/201-4.png,metal_nut,good,good,test
data/defect_images/raw/cable/test/good/014-57.png,cable,good,good,test
data/defect_images/raw/cable/test/missing_wire/001-66.png,cable,missing_wire,other_defect,test
data/defect_images/raw/screw/test/scratch_head/021-37.png,screw,scratch_head,scratch,test
data/defect_images/raw/cable/test/cable_swap/010-58.png,cable,cable_swap,other_defect,test
data/defect_images/raw/cable/test/good/045-12.png,cable,good,good,test
data/defect_images/raw/screw/test/good/000-86.png,screw,good,good,test
data/defect_images/raw/screw/train/good/259-4.png,screw,good,good,test
data/defect_images/raw/screw/train/good/104-12.png,screw,good,good,test
data/defect_images/raw/cable/test/good/038-13.png,cable,good,good,test
data/defect_images/raw/cable/train/good/194-10.png,cable,good,good,test
data/defect_images/raw/cable/test/good/037-13.png,cable,good,good,test
data/defect_images/raw/screw/train/good/060-12.png,screw,good,good,test
data/defect_images/raw/screw/train/good/313-2.png,screw,good,good,test
data/defect_images/raw/transistor/train/good/103.png,transistor,good,good,test
data/defect_images/raw/transistor/train/good/119.png,transistor,good,good,test
data/defect_images/raw/cable/test/cable_swap/004-68.png,cable,cable_swap,other_defect,test
data/defect_images/raw/cable/test/good/019-33.png,cable,good,good,test
data/defect_images/raw/transistor/train/good/006.png,transistor,good,good,test
data/defect_images/raw/screw/train/good/074-12.png,screw,good,good,test
data/defect_images/raw/cable/test/poke_insulation/000-71.png,cable,poke_insulation,structural_damage,test
data/defect_images/raw/metal_nut/train/good/041-5.png,metal_nut,good,good,test
data/defect_images/raw/cable/train/good/102-10.png,cable,good,good,test
data/defect_images/raw/metal_nut/train/good/114-4.png,metal_nut,good,good,test
data/defect_images/raw/screw/train/good/093-12.png,screw,good,good,test
data/defect_images/raw/screw/train/good/198-12.png,screw,good,good,test
data/defect_images/raw/screw/train/good/027-19.png,screw,good,good,test
data/defect_images/raw/transistor/test/misplaced/002-3.png,transistor,misplaced,other_defect,test
data/defect_images/raw/cable/train/good/131-10.png,cable,good,good,test
data/defect_images/raw/cable/test/cable_swap/001-68.png,cable,cable_swap,other_defect,test
data/defect_images/raw/screw/test/good/022-33.png,screw,good,good,test
data/defect_images/raw/screw/test/scratch_head/019-41.png,screw,scratch_head,scratch,test
data/defect_images/raw/screw/train/good/122-12.png,screw,good,good,test
data/defect_images/raw/screw/test/manipulated_front/014-68.png,screw,manipulated_front,other_defect,test
data/defect_images/raw/metal_nut/train/good/207-4.png,metal_nut,good,good,test
data/defect_images/raw/transistor/train/good/148.png,transistor,good,good,test
data/defect_images/raw/cable/train/good/144-10.png,cable,good,good,test
data/defect_images/raw/screw/train/good/295-2.png,screw,good,good,test
data/defect_images/raw/metal_nut/test/bent/019-17.png,metal_nut,bent,deformation,test
data/defect_images/raw/cable/train/good/195-10.png,cable,good,good,test
data/defect_images/raw/metal_nut/train/good/211-4.png,metal_nut,good,good,test
data/defect_images/raw/cable/test/missing_cable/006-70.png,cable,missing_cable,other_defect,test
data/defect_images/raw/screw/train/good/132-12.png,screw,good,good,test
data/defect_images/raw/screw/train/good/226-8.png,screw,good,good,test
data/defect_images/raw/cable/train/good/099-10.png,cable,good,good,test
data/defect_images/raw/transistor/train/good/201.png,transistor,good,good,test
data/defect_images/raw/metal_nut/train/good/098-4.png,metal_nut,good,good,test
data/defect_images/raw/cable/test/cable_swap/011-57.png,cable,cable_swap,other_defect,test
data/defect_images/raw/screw/train/good/082-12.png,screw,good,good,test
data/defect_images/raw/transistor/train/good/007.png,transistor,good,good,test
data/defect_images/raw/transistor/test/cut_lead/001-5.png,transistor,cut_lead,structural_damage,test
data/defect_images/raw/screw/train/good/235-7.png,screw,good,good,test
data/defect_images/raw/screw/train/good/169-12.png,screw,good,good,test
data/defect_images/raw/transistor/train/good/175.png,transistor,good,good,test
data/defect_images/raw/transistor/train/good/050.png,transistor,good,good,test
data/defect_images/raw/transistor/test/cut_lead/007-5.png,transistor,cut_lead,structural_damage,test
data/defect_images/raw/screw/train/good/080-12.png,screw,good,good,test
data/defect_images/raw/screw/train/good/252-4.png,screw,good,good,test
data/defect_images/raw/metal_nut/train/good/099-4.png,metal_nut,good,good,test
data/defect_images/raw/screw/test/scratch_neck/024-24.png,screw,scratch_neck,scratch,test
data/defect_images/raw/screw/train/good/270-3.png,screw,good,good,test
data/defect_images/raw/cable/train/good/128-10.png,cable,good,good,test
data/defect_images/raw/metal_nut/test/color/014-14.png,metal_nut,color,contamination,test
data/defect_images/raw/metal_nut/test/bent/011-18.png,metal_nut,bent,deformation,test
data/defect_images/raw/cable/train/good/139-10.png,cable,good,good,test
data/defect_images/raw/metal_nut/test/color/019-13.png,metal_nut,color,contamination,test
data/defect_images/raw/screw/train/good/073-12.png,screw,good,good,test
data/defect_images/raw/transistor/train/good/055.png,transistor,good,good,test
data/defect_images/raw/metal_nut/train/good/088-4.png,metal_nut,good,good,test
data/defect_images/raw/screw/test/thread_top/022-30.png,screw,thread_top,structural_damage,test
data/defect_images/raw/screw/test/good/013-70.png,screw,good,good,test
data/defect_images/raw/screw/train/good/250-4.png,screw,good,good,test
data/defect_images/raw/transistor/train/good/114.png,transistor,good,good,test
data/defect_images/raw/cable/train/good/033-12.png,cable,good,good,test
data/defect_images/raw/metal_nut/train/good/168-4.png,metal_nut,good,good,test
data/defect_images/raw/cable/test/poke_insulation/001-71.png,cable,poke_insulation,structural_damage,test
data/defect_images/raw/metal_nut/train/good/188-4.png,metal_nut,good,good,test
data/defect_images/raw/cable/train/good/188-10.png,cable,good,good,test
data/defect_images/raw/cable/train/good/142-10.png,cable,good,good,test
data/defect_images/raw/metal_nut/train/good/199-4.png,metal_nut,good,good,test
data/defect_images/raw/cable/train/good/064-10.png,cable,good,good,test
data/defect_images/raw/transistor/test/good/039-2.png,transistor,good,good,test
data/defect_images/raw/metal_nut/test/bent/007-26.png,metal_nut,bent,deformation,test
data/defect_images/raw/screw/train/good/210-12.png,screw,good,good,test
data/defect_images/raw/cable/train/good/113-10.png,cable,good,good,test
